28.44,28.31,981.32,981.38,151821660,1025642200,202,1690671
28.45,28.34,981.32,981.38,151821660,1025642200,202,1690671
28.27,28.35,980.99,981.26,151821660,1025642200,202,1690671
28.47,28.46,981.27,981.35,151821660,1025642200,202,1690671
28.47,28.52,981.22,981.36,151821660,1025642200,202,1690671
28.49,28.7,981.29,981.36,151821660,1025642200,202,1690671
28.51,28.6,981.29,981.41,151821660,1025642200,202,1690671
28.52,28.63,981.29,981.35,151821660,1025642200,202,1690671
28.53,28.66,981.28,981.38,151821660,1025642200,202,1690671
28.54,28.7,981.3,981.37,151821660,1025642200,202,1690671
28.55,28.74,981.29,981.38,151821660,1025642200,202,1690671
28.56,28.79,981.29,981.37,151821660,1025642200,202,1690671
28.58,28.85,981.28,981.37,151821660,1025642200,202,1690671
28.59,28.98,981.31,981.42,151821660,1025642200,202,1690671
28.61,29.1,981.29,981.4,151821660,1025642200,202,1690671
28.62,29.03,981.3,981.39,151821660,1025642200,202,1690671
28.64,29.08,981.27,981.4,151821660,1025642200,202,1690671
28.65,29.14,981.3,981.39,151821660,1025642200,202,1690671
28.66,29.2,981.3,981.38,151821660,1025642200,202,1690671
28.68,29.26,981.32,981.39,151821660,1025642200,202,1690671
28.69,29.32,981.28,981.39,151821660,1025642200,202,1690671
28.71,29.1,981.29,980.96,151821660,1025642200,202,1690671
28.72,29.43,981.35,981.39,151821660,1025642200,202,1690671
28.29,29.56,980.61,981.45,151821660,1025642200,202,1690671
28.76,29.41,981.33,981.15,151821660,1025642200,202,1690671
28.77,27.86,981.33,978.54,151821660,1025642200,202,1690671
28.61,27.56,981.05,978.05,151821660,1025642200,202,1690671
28.3,28.15,980.52,978.9,151821660,1025642200,202,1690671
28.39,28.15,980.63,978.71,151821660,1025642200,202,1690671
28.32,27.74,980.48,978.07,151821660,1025642200,202,1690671
28.15,26.52,980.2,976.04,151821660,1025642200,202,1690671
28.88,29.98,981.35,981.38,151821660,1025642200,202,1690671
28.9,30.05,981.34,981.38,151821660,1025642200,202,1690671
28.2,26.92,980.17,976.36,151821660,1025642200,202,1690671
28.38,26.41,980.47,975.56,151821660,1025642200,202,1690671
28.37,26.64,980.42,975.7,151821660,1025642200,202,1690671
28.32,26.64,980.32,975.6,151821660,1025642200,202,1690671
28.5,27.2,980.54,976.34,151821660,1025642200,202,1690671
28.56,27.99,980.63,977.48,151821660,1025642200,202,1690671
28.51,27.24,980.53,976.19,151821660,1025642200,202,1690671
28.53,27.56,980.49,976.63,151821660,1025642200,202,1690671
28.51,26.84,980.46,975.4,151821660,1025642200,202,1690671
28.47,27.47,980.34,976.31,151821660,1025642200,202,1690671
28.42,27.66,980.25,976.42,151821660,1025642200,202,1690671
28.65,28.43,980.59,977.59,151821660,1025642200,202,1690671
28.66,28.15,980.57,977.05,151821660,1025642200,202,1690671
28.72,28.38,980.66,977.32,151821660,1025642200,202,1690671
28.5,28.13,980.28,976.82,151821660,1025642200,202,1690671
28.83,28.86,980.75,977.95,151821660,1025642200,202,1690671
28.78,28.89,980.66,977.89,151821660,1025642200,202,1690671
28.74,28.86,980.56,977.74,151821660,1025642200,202,1690671
28.61,28.72,980.34,977.35,151821660,1025642200,202,1690671
28.68,28.35,980.42,976.78,151821660,1025642200,202,1690671
28.78,28.34,980.53,976.69,151821660,1025642200,202,1690671
29.09,28.9,981.02,977.52,151821660,1025642200,202,1690671
28.77,28.65,980.46,977.05,151821660,1025642200,202,1690671
28.69,28.55,980.24,976.77,151821660,1025642200,202,1690671
28.91,28.38,980.56,976.38,151821660,1025642200,202,1690671
29.08,29.98,980.85,978.88,151821660,1025642200,202,1690671
28.79,30.62,980.34,979.83,151821660,1025642200,202,1690671
28.96,30.52,980.56,979.55,151821660,1025642200,202,1690671
29.26,28.71,981.03,976.62,151821660,1025642200,202,1690671
28.97,27.78,980.52,975.05,151821660,1025642200,202,1690671
28.85,28.7,980.3,976.4,151821660,1025642200,202,1690671
29.5,31.82,981.33,981.44,151821660,1025642200,202,1690671
29.04,30.31,980.56,978.73,151821660,1025642200,202,1690671
29.04,30.16,980.54,978.43,151821660,1025642200,202,1690671
29.56,31.99,981.36,981.47,151821660,1025642200,202,1690671
28.96,29.77,980.35,977.57,151821660,1025642200,202,1690671
28.98,29.75,980.35,977.48,151821660,1025642200,202,1690671
29.09,30.08,980.53,977.85,151821660,1025642200,202,1690671
28.82,29.68,980.06,977.22,151821660,1025642200,202,1690671
28.95,28.81,980.18,975.66,151821660,1025642200,202,1690671
29.21,30.37,980.62,978.19,151821660,1025642200,202,1690671
29.2,30.49,980.55,978.31,151821660,1025642200,202,1690671
28.9,29.35,980.05,976.33,151821660,1025642200,202,1690671
29.1,29.32,980.34,976.22,151821660,1025642200,202,1690671
29.28,30.42,980.62,977.98,151821660,1025642200,202,1690671
29.71,32.56,981.28,981.4,151821660,1025642200,202,1690671
29.11,30.44,980.27,977.76,151821660,1025642200,202,1690671
29.16,30.09,980.3,977.1,151821660,1025642200,202,1690671
29.32,29.62,980.57,976.22,151821660,1025642200,202,1690671
29.24,30.36,980.41,977.24,151821660,1025642200,202,1690671
29.11,29.47,980.17,975.81,151821660,1025642200,202,1690671
29.45,29.65,980.69,976.01,151821660,1025642200,202,1690671
29.51,30.66,980.77,977.56,151821660,1025642200,202,1690671
29.45,30.17,980.64,976.57,151821660,1025642200,202,1690671
29.73,31.58,981.06,978.9,151821660,1025642200,202,1690671
29.38,32.27,980.42,979.83,151821660,1025642200,202,1690671
29.56,30.5,980.69,976.97,151821660,1025642200,202,1690671
29.65,30.15,980.82,976.39,151821660,1025642200,202,1690671
29.53,30.14,980.61,976.16,151821660,1025642200,202,1690671
29.49,32.08,980.49,979.31,151821660,1025642200,202,1690671
29.52,30.38,980.5,976.5,151821660,1025642200,202,1690671
29.77,30.61,980.92,976.68,151821660,1025642200,202,1690671
29.46,29.35,980.34,974.97,151821660,1025642200,202,1690671
29.63,30.25,980.59,975.97,151821660,1025642200,202,1690671
29.66,29.92,980.63,975.39,151821660,1025642200,202,1690671
29.53,30.33,980.36,976,151821660,1025642200,202,1690671
29.66,30.04,980.56,975.52,151821660,1025642200,202,1690671
29.75,30.37,980.67,975.94,151821660,1025642200,202,1690671
29.72,30.5,980.58,976.1,151821660,1025642200,202,1690671
29.67,30.36,980.43,975.74,151821660,1025642200,202,1690671
29.7,31.05,980.47,976.85,151821660,1025642200,202,1690671
29.61,30.26,980.3,975.58,151821660,1025642200,202,1690671
29.81,29.59,980.58,974.4,151821660,1025642200,202,1690671
30.18,32.51,981.14,978.96,151821660,1025642200,202,1690671
29.66,30.69,980.27,976.29,151821660,1025642200,202,1690671
29.59,34.13,980.12,981.46,151821660,1025642200,202,1690671
29.84,34.17,980.48,981.47,151821660,1025642200,202,1690671
30.42,31.14,981.35,976.52,151821660,1025642200,202,1690671
30.44,33,981.38,979.46,151821660,1025642200,202,1690671
30.12,34.3,980.83,981.46,151821660,1025642200,202,1690671
30.48,34.32,981.39,981.46,151821660,1025642200,202,1690671
30.5,34.35,981.39,981.45,151821660,1025642200,202,1690671
30.52,34.42,981.37,981.47,151821660,1025642200,202,1690671
30.54,34.41,981.36,981.44,151821660,1025642200,202,1690671
30.57,34.5,981.35,981.45,151821660,1025642200,202,1690671
30.58,34.43,981.36,981.53,151821660,1025642200,202,1690671
30.61,34.47,981.35,981.53,151821660,1025642200,202,1690671
30.68,34.57,981.32,981.46,151821660,1025642200,202,1690671
30.71,34.61,981.33,981.41,151821660,1025642200,202,1690671
30.73,34.69,981.36,981.44,151821660,1025642200,202,1690671
30.2,31.79,980.44,976.75,151821660,1025642200,202,1690671
30.76,34.75,981.32,981.43,151821660,1025642200,202,1690671
30.79,34.79,981.34,981.43,151821660,1025642200,202,1690671
30.81,34.78,981.33,981.44,151821660,1025642200,202,1690671
30.42,31.68,980.69,976.47,151821660,1025642200,202,1690671
30.84,34.83,981.35,981.46,151821660,1025642200,202,1690671
30.86,34.88,981.36,981.45,151821660,1025642200,202,1690671
30.88,34.94,981.32,981.43,151821660,1025642200,202,1690671
30.91,34.98,981.35,981.44,151821660,1025642200,202,1690671
30.92,34.97,981.33,981.43,151821660,1025642200,202,1690671
30.94,35,981.35,981.44,151821660,1025642200,202,1690671
30.96,35.03,981.35,981.47,151821660,1025642200,202,1690671
30.6,31.8,980.76,976.2,151821660,1025642200,202,1690671
31,35.13,981.35,981.4,151821660,1025642200,202,1690671
31.02,35.16,981.37,981.44,151821660,1025642200,202,1690671
31.04,35.18,981.35,981.43,151821660,1025642200,202,1690671
31.05,35.21,981.35,981.41,151821660,1025642200,202,1690671
31.07,35.19,981.34,981.41,151821660,1025642200,202,1690671
31.05,35.21,981.24,981.38,151821660,1025642200,202,1690671
31.07,35.31,981.27,981.45,151821660,1025642200,202,1690671
31.13,35.33,981.34,981.44,151821660,1025642200,202,1690671
31.15,35.35,981.36,981.44,151821660,1025642200,202,1690671
31.17,35.36,981.34,981.47,151821660,1025642200,202,1690671
31.19,35.42,981.36,981.44,151821660,1025642200,202,1690671
31.2,35.45,981.36,981.46,151821660,1025642200,202,1690671
31.22,35.47,981.39,981.43,151821660,1025642200,202,1690671
31.25,35.53,981.38,981.45,151821660,1025642200,202,1690671
31.26,35.58,981.39,981.47,151821660,1025642200,202,1690671
31.28,35.59,981.36,981.45,151821660,1025642200,202,1690671
31.3,35.65,981.33,981.45,151821660,1025642200,202,1690671
31.32,35.67,981.35,981.5,151821660,1025642200,202,1690671
31.34,35.7,981.37,981.49,151821660,1025642200,202,1690671
31.36,35.72,981.35,981.45,151821660,1025642200,202,1690671
31.37,35.76,981.34,981.46,151821660,1025642200,202,1690671
31.4,35.8,981.37,981.47,151821660,1025642200,202,1690671
31.41,35.82,981.37,981.44,151821660,1025642200,202,1690671
31.44,35.86,981.34,981.47,151821660,1025642200,202,1690671
31.47,35.9,981.36,981.48,151821660,1025642200,202,1690671
31.49,35.92,981.4,981.47,151821660,1025642200,202,1690671
31.51,35.95,981.41,981.47,151821660,1025642200,202,1690671
31.53,35.98,981.41,981.51,151821660,1025642200,202,1690671
31.55,36,981.36,981.41,151821660,1025642200,202,1690671
31.56,36.03,981.34,981.48,151821660,1025642200,202,1690671
31.59,36.01,981.35,981.47,151821660,1025642200,202,1690671
31.61,36.07,981.39,981.5,151821660,1025642200,202,1690671
31.63,36.08,981.36,981.44,151821660,1025642200,202,1690671
31.64,36.1,981.4,981.47,151821660,1025642200,202,1690671
31.65,36.11,981.35,981.48,151821660,1025642200,202,1690671
31.64,36.14,981.31,981.49,151821660,1025642200,202,1690671
31.69,36.17,981.34,981.49,151821660,1025642200,202,1690671
31.72,36.2,981.37,981.49,151821660,1025642200,202,1690671
31.74,36.21,981.32,981.42,151821660,1025642200,202,1690671
31.78,36.21,981.3,981.4,151821660,1025642200,202,1690671
31.81,36.2,981.33,981.42,151821660,1025642200,202,1690671
31.84,36.21,981.35,981.41,151821660,1025642200,202,1690671
31.86,36.21,981.34,981.46,151821660,1025642200,202,1690671
31.9,36.21,981.36,981.45,151821660,1025642200,202,1690671
31.92,36.25,981.37,981.5,151821660,1025642200,202,1690671
31.89,36.28,981.28,981.49,151821660,1025642200,202,1690671
31.95,36.32,981.39,981.45,151821660,1025642200,202,1690671
31.96,36.36,981.38,981.43,151821660,1025642200,202,1690671
31.97,36.41,981.36,981.47,151821660,1025642200,202,1690671
31.99,36.53,981.38,981.46,151821660,1025642200,202,1690671
32.01,36.45,981.34,981.45,151821660,1025642200,202,1690671
32.02,36.47,981.36,981.52,151821660,1025642200,202,1690671
31.87,36.51,981.13,976.36,151821660,1025642200,202,1690671
32.04,36.52,981.36,981.45,151821660,1025642200,202,1690671
32.06,32.9,981.33,975.68,151821660,1025642200,202,1690671
31.42,36.54,980.23,981.42,151821660,1025642200,202,1690671
31.4,34.76,980.17,978.66,151821660,1025642200,202,1690671
31.79,32.96,980.76,975.72,151821660,1025642200,202,1690671
31.36,35.9,980.06,980.56,151821660,1025642200,202,1690671
31.59,33.16,980.39,976.14,151821660,1025642200,202,1690671
31.64,33.14,980.47,976.05,151821660,1025642200,202,1690671
31.7,33.37,980.59,976.41,151821660,1025642200,202,1690671
31.38,32.9,980.07,975.63,151821660,1025642200,202,1690671
31.69,32.86,980.5,975.49,151821660,1025642200,202,1690671
32.27,36.74,981.39,981.45,151821660,1025642200,202,1690671
31.74,33.34,980.53,976.13,151821660,1025642200,202,1690671
31.9,33.25,980.71,975.84,151821660,1025642200,202,1690671
31.73,33.88,980.36,976.78,151821660,1025642200,202,1690671
31.79,32.92,980.45,975.22,151821660,1025642200,202,1690671
31.79,32.75,980.45,974.93,151821660,1025642200,202,1690671
31.83,32.93,980.51,975.14,151821660,1025642200,202,1690671
31.85,33.2,980.5,975.51,151821660,1025642200,202,1690671
32.41,36.9,981.4,981.44,151821660,1025642200,202,1690671
31.96,33.64,980.68,976.15,151821660,1025642200,202,1690671
32.03,33.65,980.76,976.15,151821660,1025642200,202,1690671
31.99,33.83,980.69,976.3,151821660,1025642200,202,1690671
31.99,33.86,980.61,976.27,151821660,1025642200,202,1690671
32.49,37.05,981.38,981.44,151821660,1025642200,202,1690671
32.51,37.08,981.39,981.44,151821660,1025642200,202,1690671
32.53,37.2,981.36,981.36,151821660,1025642200,202,1690671
31.92,33.52,980.34,975.63,151821660,1025642200,202,1690671
32.04,33.78,980.49,975.96,151821660,1025642200,202,1690671
32.06,33.93,980.47,976.07,151821660,1025642200,202,1690671
32.63,37.28,981.36,981.37,151821660,1025642200,202,1690671
32.66,37.32,981.38,981.39,151821660,1025642200,202,1690671
32.08,34.32,980.44,976.58,151821660,1025642200,202,1690671
32.17,34.14,980.5,976.26,151821660,1025642200,202,1690671
32.73,37.41,981.38,981.43,151821660,1025642200,202,1690671
32.76,37.44,981.4,981.42,151821660,1025642200,202,1690671
32.36,34.02,980.69,975.91,151821660,1025642200,202,1690671
32.38,33.94,980.74,975.71,151821660,1025642200,202,1690671
32.3,34.49,980.53,976.49,151821660,1025642200,202,1690671
32.29,34.44,980.46,976.37,151821660,1025642200,202,1690671
32.28,34.47,980.42,976.43,151821660,1025642200,202,1690671
32.34,34.15,980.48,975.92,151821660,1025642200,202,1690671
32.48,34.31,980.68,976.04,151821660,1025642200,202,1690671
32.95,37.63,981.38,981.42,151821660,1025642200,202,1690671
32.45,34.51,980.53,976.37,151821660,1025642200,202,1690671
32.48,34.46,980.54,976.16,151821660,1025642200,202,1690671
32.45,34.31,980.48,975.95,151821660,1025642200,202,1690671
32.45,34.38,980.41,976.04,151821660,1025642200,202,1690671
32.52,35.93,980.52,978.44,151821660,1025642200,202,1690671
32.75,34.51,980.84,976.14,151821660,1025642200,202,1690671
32.58,34.92,980.54,976.69,151821660,1025642200,202,1690671
32.62,34.26,980.59,975.6,151821660,1025642200,202,1690671
33.15,37.86,981.41,981.46,151821660,1025642200,202,1690671
32.67,34.86,980.62,976.47,151821660,1025642200,202,1690671
32.95,34.53,981.05,975.87,151821660,1025642200,202,1690671
32.67,34.57,980.52,975.9,151821660,1025642200,202,1690671
32.68,34.18,980.56,975.28,151821660,1025642200,202,1690671
32.68,35.26,980.52,976.95,151821660,1025642200,202,1690671
32.71,34.39,980.52,975.52,151821660,1025642200,202,1690671
32.83,34.75,980.71,976.07,151821660,1025642200,202,1690671
32.8,34.56,980.63,975.74,151821660,1025642200,202,1690671
32.82,34.83,980.63,976.08,151821660,1025642200,202,1690671
32.79,34.54,980.56,975.63,151821660,1025642200,202,1690671
32.8,34.67,980.53,975.78,151821660,1025642200,202,1690671
32.88,34.96,980.67,976.19,151821660,1025642200,202,1690671
33.36,38.13,981.39,981.44,151821660,1025642200,202,1690671
33.36,38.11,981.41,981.44,151821660,1025642200,202,1690671
33.38,38.11,981.45,981.47,151821660,1025642200,202,1690671
33.29,36.71,981.27,979.24,151821660,1025642200,202,1690671
33.3,36.71,981.31,979.22,151821660,1025642200,202,1690671
33.28,36.86,981.28,979.48,151821660,1025642200,202,1690671
33.31,37.54,981.24,980.49,151821660,1025642200,202,1690671
33.29,37.29,981.27,980.15,151821660,1025642200,202,1690671
33.07,36.09,981,978.24,151821660,1025642200,202,1690671
32.89,37.09,980.7,979.72,151821660,1025642200,202,1690671
33.42,38.23,981.61,981.64,151821660,1025642200,202,1690671
33.04,35.05,980.96,976.37,151821660,1025642200,202,1690671
33.01,35.18,980.9,976.57,151821660,1025642200,202,1690671
32.99,35.55,980.88,977.18,151821660,1025642200,202,1690671
32.91,34.99,980.74,976.26,151821660,1025642200,202,1690671
33.02,35.62,980.91,977.31,151821660,1025642200,202,1690671
32.95,34.74,980.76,975.89,151821660,1025642200,202,1690671
33,35.44,980.84,977.13,151821660,1025642200,202,1690671
32.98,35.42,980.81,976.94,151821660,1025642200,202,1690671
33.07,35.03,980.94,976.25,151821660,1025642200,202,1690671
33.04,36.11,980.9,978.03,151821660,1025642200,202,1690671
32.96,35.22,980.75,976.49,151821660,1025642200,202,1690671
32.93,35.46,980.71,976.76,151821660,1025642200,202,1690671
33.04,35.72,980.88,977.17,151821660,1025642200,202,1690671
33.1,35.32,980.99,976.58,151821660,1025642200,202,1690671
33,34.9,980.76,975.89,151821660,1025642200,202,1690671
32.91,35.37,980.64,976.58,151821660,1025642200,202,1690671
32.91,35.62,980.58,976.91,151821660,1025642200,202,1690671
33.07,35.68,980.83,977.02,151821660,1025642200,202,1690671
32.97,35.17,980.65,976.18,151821660,1025642200,202,1690671
33,35.48,980.66,976.62,151821660,1025642200,202,1690671
33.12,35.23,980.83,976.13,151821660,1025642200,202,1690671
33.04,35.49,980.66,976.53,151821660,1025642200,202,1690671
33.1,35.77,981.04,976.91,151821660,1025642200,202,1690671
33.2,35.56,980.92,976.6,151821660,1025642200,202,1690671
33.17,35.54,980.84,976.5,151821660,1025642200,202,1690671
33.26,36.94,980.96,978.72,151821660,1025642200,202,1690671
33.23,35.35,980.89,976.14,151821660,1025642200,202,1690671
33.45,36.55,981.24,978.03,151821660,1025642200,202,1690671
33.2,35.5,980.81,976.25,151821660,1025642200,202,1690671
33.46,35.67,981.17,976.53,151821660,1025642200,202,1690671
33.25,35.96,980.84,976.97,151821660,1025642200,202,1690671
33.18,36.29,980.71,977.56,151821660,1025642200,202,1690671
33.25,36.14,980.81,977.28,151821660,1025642200,202,1690671
33.24,35.75,980.78,976.85,151821660,1025642200,202,1690671
33.24,35.54,980.79,976.27,151821660,1025642200,202,1690671
33.33,35.74,980.92,976.61,151821660,1025642200,202,1690671
33.25,35.6,980.78,976.32,151821660,1025642200,202,1690671
33.27,35.57,980.78,976.25,151821660,1025642200,202,1690671
33.19,35.46,980.67,975.99,151821660,1025642200,202,1690671
33.22,35.62,980.66,976.2,151821660,1025642200,202,1690671
33.26,36.12,980.75,976.92,151821660,1025642200,202,1690671
33.25,35.98,980.69,976.71,151821660,1025642200,202,1690671
33.27,36.03,980.71,976.72,151821660,1025642200,202,1690671
33.59,38.97,981.12,981.35,151821660,1025642200,202,1690671
33.4,35.76,980.86,976.23,151821660,1025642200,202,1690671
33.39,39.13,980.77,981.58,151821660,1025642200,202,1690671
33.88,35.66,981.58,976.07,151821660,1025642200,202,1690671
33.33,39.17,980.66,981.59,151821660,1025642200,202,1690671
33.89,36.42,981.57,977.17,151821660,1025642200,202,1690671
33.9,39.23,981.58,981.62,151821660,1025642200,202,1690671
33.91,39.22,981.56,981.65,151821660,1025642200,202,1690671
33.91,39.25,981.55,981.63,151821660,1025642200,202,1690671
33.93,39.24,981.58,981.64,151821660,1025642200,202,1690671
33.93,39.27,981.58,981.64,151821660,1025642200,202,1690671
33.95,39.27,981.58,981.66,151821660,1025642200,202,1690671
33.95,39.31,981.57,981.64,151821660,1025642200,202,1690671
33.96,39.28,981.56,981.64,151821660,1025642200,202,1690671
33.97,39.28,981.53,981.61,151821660,1025642200,202,1690671
33.98,39.31,981.56,981.69,151821660,1025642200,202,1690671
33.99,39.28,981.56,981.65,151821660,1025642200,202,1690671
34,39.26,981.57,981.62,151821660,1025642200,202,1690671
33.54,36.04,980.84,976.56,151821660,1025642200,202,1690671
33.53,36.16,980.78,976.7,151821660,1025642200,202,1690671
33.49,35.47,980.69,975.6,151821660,1025642200,202,1690671
34.03,39.32,981.5,981.61,151821660,1025642200,202,1690671
33.43,36.36,980.55,976.86,151821660,1025642200,202,1690671
34.06,39.37,981.52,981.61,151821660,1025642200,202,1690671
34.07,39.37,981.52,981.62,151821660,1025642200,202,1690671
34.09,39.42,981.53,981.61,151821660,1025642200,202,1690671
34.1,39.4,981.54,981.62,151821660,1025642200,202,1690671
34.11,39.4,981.5,981.6,151821660,1025642200,202,1690671
34.12,39.39,981.51,981.6,151821660,1025642200,202,1690671
34.12,39.41,981.52,981.57,151821660,1025642200,202,1690671
34.13,39.44,981.51,981.59,151821660,1025642200,202,1690671
34.13,39.45,981.53,981.64,151821660,1025642200,202,1690671
34.12,39.47,981.56,981.64,151821660,1025642200,202,1690671
33.61,36.19,980.73,976.41,151821660,1025642200,202,1690671
34.13,39.47,981.57,981.68,151821660,1025642200,202,1690671
34.15,39.49,981.56,981.67,151821660,1025642200,202,1690671
34.15,39.46,981.58,981.65,151821660,1025642200,202,1690671
34.16,39.46,981.57,981.65,151821660,1025642200,202,1690671
34.16,39.48,981.59,981.68,151821660,1025642200,202,1690671
34.17,39.51,981.59,981.66,151822430,1025634800,207,1690674
34.18,39.51,981.61,981.66,151822430,1025634800,207,1690674
34.18,39.5,981.59,981.7,151822430,1025634800,207,1690674
34.19,39.5,981.6,981.7,151822430,1025634800,207,1690674
34.2,39.51,981.61,981.7,151822430,1025634800,207,1690674
34.2,39.5,981.6,981.72,151822430,1025634800,207,1690674
34.22,39.49,981.62,981.71,151822430,1025634800,207,1690674
34.22,39.49,981.59,981.71,151822430,1025634800,207,1690674
33.74,36.45,980.86,976.73,151822430,1025634800,207,1690674
34.24,39.51,981.34,981.42,151822430,1025634800,207,1690674
34.25,39.48,977.51,977.64,151822430,1025634800,207,1690674
34.25,39.39,974.01,974.13,151822430,1025634800,207,1690674
34.21,39.27,970.78,970.79,151822430,1025634800,207,1690674
34.16,39.19,967.6,967.67,151822430,1025634800,207,1690674
34.15,39.14,964.3,964.37,151822430,1025634800,207,1690674
34.11,39.06,961.38,961.37,151822430,1025634800,207,1690674
34.09,39.07,958,958.12,151822430,1025634800,207,1690674
33.55,36.36,953.66,950.18,151822430,1025634800,207,1690674
34.09,39.23,951.4,951.47,151822430,1025634800,207,1690674
34.03,39.17,948.24,948.27,151822430,1025634800,207,1690674
33.99,39.15,944.96,945.12,151822430,1025634800,207,1690674
34.04,39.08,942.04,942.07,151822430,1025634800,207,1690674
33.99,39.05,939.55,939.59,151822430,1025634800,207,1690674
33.88,39.08,936.27,936.35,151822430,1025634800,207,1690674
33.21,36.14,931.77,928.13,151822430,1025634800,207,1690674
33.76,38.94,928.9,928.91,151822430,1025634800,207,1690674
33.76,38.93,925.73,925.79,151822430,1025634800,207,1690674
33.75,38.89,922.66,922.72,151822430,1025634800,207,1690674
33.74,38.85,919.69,919.71,151822430,1025634800,207,1690674
33.8,38.78,916.79,916.88,151822430,1025634800,207,1690674
33.86,38.77,914.02,914.08,151822430,1025634800,207,1690674
33.91,38.77,911,911.16,151822430,1025634800,207,1690674
33.96,38.76,908.23,908.24,151822430,1025634800,207,1690674
33.95,38.73,905.34,905.36,151822430,1025634800,207,1690674
33.97,38.73,902.52,902.62,151822430,1025634800,207,1690674
34.01,38.69,899.73,899.75,151822430,1025634800,207,1690674
34.04,38.66,896.85,896.97,151822430,1025634800,207,1690674
34.07,38.61,894.03,894.09,151822430,1025634800,207,1690674
34.05,38.58,891.15,891.21,151822430,1025634800,207,1690674
34.05,38.56,888.27,888.33,151822430,1025634800,207,1690674
34.02,38.56,885.48,885.51,151822430,1025634800,207,1690674
33.67,38.71,882.14,882.69,151822430,1025634800,207,1690674
33.97,38.67,879.49,879.57,151822430,1025634800,207,1690674
33.98,38.49,876.48,876.56,151822430,1025634800,207,1690674
33.98,38.52,873.69,873.79,151822430,1025634800,207,1690674
33.96,38.52,870.63,870.75,151822430,1025634800,207,1690674
33.92,38.47,867.27,867.34,151822430,1025634800,207,1690674
33.89,38.4,863.77,863.74,151822430,1025634800,207,1690674
33.87,38.38,860.25,860.35,151822430,1025634800,207,1690674
33.88,38.36,857.65,857.65,151822430,1025634800,207,1690674
33.88,38.32,854.53,854.6,151822430,1025634800,207,1690674
33.88,38.32,851.52,851.58,151822430,1025634800,207,1690674
33.77,38.26,848.83,848.83,151822430,1025634800,207,1690674
33.58,38.18,845.85,845.89,151822430,1025634800,207,1690674
33.5,38.17,842.77,842.72,151822430,1025634800,207,1690674
33.33,38.2,839.77,839.81,151822430,1025634800,207,1690674
33.24,38.04,836.44,836.46,151822430,1025634800,207,1690674
33.17,38.02,832.97,833.13,151822430,1025634800,207,1690674
33.15,37.96,830.15,830.13,151822430,1025634800,207,1690674
33.08,37.98,827.5,827.6,151822430,1025634800,207,1690674
33,37.99,824.4,824.59,151822430,1025634800,207,1690674
33.05,37.83,821.48,821.49,151822430,1025634800,207,1690674
32.96,36.08,817.9,815.78,151822430,1025634800,207,1690674
32.24,37.69,813.38,814.22,151822430,1025634800,207,1690674
32.76,37.22,810.6,810.22,151822430,1025634800,207,1690674
32.6,37.62,807.88,807.88,151822430,1025634800,207,1690674
31.91,37.61,803.84,800.5,151822430,1025634800,207,1690674
32.19,34.41,801.44,797.64,151822430,1025634800,207,1690674
31.6,34.35,797.57,794.29,151822430,1025634800,207,1690674
31.56,34.21,793.98,790.64,151822430,1025634800,207,1690674
31.52,34.14,790.63,787.4,151822430,1025634800,207,1690674
31.45,34.16,788.01,784.76,151822430,1025634800,207,1690674
31.33,34.03,785.12,781.9,151822430,1025634800,207,1690674
31.37,34.01,782.15,778.95,151822430,1025634800,207,1690674
31.4,33.91,779.51,776.27,151822430,1025634800,207,1690674
31.36,33.96,776.51,773.27,151822430,1025634800,207,1690674
31.34,33.99,773.87,770.74,151822430,1025634800,207,1690674
31.18,33.81,770.53,767.39,151822430,1025634800,207,1690674
31.08,33.86,767.23,764.11,151822430,1025634800,207,1690674
30.96,33.83,764.08,760.91,151822430,1025634800,207,1690674
30.78,33.74,761.23,758.11,151822430,1025634800,207,1690674
30.61,33.74,758.2,755.11,151822430,1025634800,207,1690674
30.5,33.73,755.65,752.58,151822430,1025634800,207,1690674
30.49,33.66,752.29,749.23,151822430,1025634800,207,1690674
30.4,33.65,749.27,746.22,151822430,1025634800,207,1690674
30.94,36.66,747.13,747.23,151822430,1025634800,207,1690674
30.95,36.52,743.99,744.02,151822430,1025634800,207,1690674
30.89,36.69,740.55,740.63,151822430,1025634800,207,1690674
30.86,36.64,737.64,737.74,151822430,1025634800,207,1690674
30.79,36.53,734.63,734.72,151822430,1025634800,207,1690674
30.59,36.45,731.93,732.05,151822430,1025634800,207,1690674
29.95,33.13,728.68,725.71,151822430,1025634800,207,1690674
30.61,36.3,726.18,726.14,151822430,1025634800,207,1690674
29.99,33.01,722.17,719.25,151822430,1025634800,207,1690674
30.47,36.21,719.94,719.99,151822430,1025634800,207,1690674
30.36,36.12,717.28,717.34,151822430,1025634800,207,1690674
30.21,36.02,714.28,714.39,151822430,1025634800,207,1690674
30.14,35.94,711.7,711.74,151822430,1025634800,207,1690674
29.37,32.68,707.84,704.89,151822430,1025634800,207,1690674
29.98,35.91,705.74,705.82,151822430,1025634800,207,1690674
29.44,32.64,702.23,699.37,151822430,1025634800,207,1690674
30.1,35.77,700.1,700.18,151822430,1025634800,207,1690674
29.55,32.53,696.94,694.1,151822430,1025634800,207,1690674
29.57,32.43,694.11,691.24,151822430,1025634800,207,1690674
30.2,35.63,691.58,691.66,151822430,1025634800,207,1690674
30.02,35.56,688.89,688.96,151822430,1025634800,207,1690674
29.79,35.42,686.14,686.19,151822430,1025634800,207,1690674
29.62,35.29,683.55,683.57,151822430,1025634800,207,1690674
29.43,35.29,680.86,680.91,151822430,1025634800,207,1690674
29.27,35.27,678.12,678.21,151822430,1025634800,207,1690674
29.3,35.19,675.7,675.79,151822430,1025634800,207,1690674
28.76,31.93,672.04,669.3,151822430,1025634800,207,1690674
29.36,34.95,670.18,670.22,151822430,1025634800,207,1690674
29.35,34.86,667.29,667.29,151822430,1025634800,207,1690674
29.25,34.74,664.7,664.79,151822430,1025634800,207,1690674
28.46,31.5,661.77,659.08,151822430,1025634800,207,1690674
28.26,31.49,659.35,656.67,151822430,1025634800,207,1690674
28.82,34.56,657.26,657.27,151822430,1025634800,207,1690674
28.68,34.4,654.6,654.64,151822430,1025634800,207,1690674
28.6,34.38,651.81,651.88,151822430,1025634800,207,1690674
28.58,34.3,649.19,649.29,151822430,1025634800,207,1690674
28.44,34.2,646.82,646.88,151822430,1025634800,207,1690674
28.26,34.18,644.31,644.35,151822430,1025634800,207,1690674
28.02,34.14,641.57,641.62,151822430,1025634800,207,1690674
27.89,34.05,638.93,638.91,151822430,1025634800,207,1690674
27.93,33.93,636.32,636.36,151822430,1025634800,207,1690674
27.79,33.9,633.8,633.86,151822430,1025634800,207,1690674
27.69,33.83,631.04,631.12,151822430,1025634800,207,1690674
27.56,33.66,628.38,628.47,151822430,1025634800,207,1690674
27.41,33.5,625.97,625.97,151822430,1025634800,207,1690674
27.42,33.56,623.58,623.57,151822430,1025634800,207,1690674
27.23,33.51,621.1,621.09,151822430,1025634800,207,1690674
27.06,33.4,618.44,618.5,151822430,1025634800,207,1690674
26.94,33.32,616.19,616.25,151822430,1025634800,207,1690674
26.66,33.28,613.73,613.83,151822430,1025634800,207,1690674
26.54,33.26,610.9,610.99,151822430,1025634800,207,1690674
26.59,33.2,608.36,608.39,151822430,1025634800,207,1690674
26.6,33.11,606.11,606.14,151822430,1025634800,207,1690674
26.58,33.04,603.95,603.99,151822430,1025634800,207,1690674
25.83,29.91,601.38,598.92,151822430,1025634800,207,1690674
25.76,29.85,599.12,596.72,151822430,1025634800,207,1690674
26.33,32.82,597.47,597.5,151822430,1025634800,207,1690674
25.62,29.63,594.76,592.37,151822430,1025634800,207,1690674
26.09,32.66,593.04,593.13,151822430,1025634800,207,1690674
26.15,32.61,591,591.09,151822430,1025634800,207,1690674
26.25,32.57,588.85,588.85,151822430,1025634800,207,1690674
26.31,32.55,586.4,586.38,151822430,1025634800,207,1690674
26.26,32.49,583.88,583.83,151822430,1025634800,207,1690674
26.2,32.44,581.54,581.57,151822430,1025634800,207,1690674
26.11,32.34,579.12,579.2,151822430,1025634800,207,1690674
25.92,32.27,576.87,576.93,151822430,1025634800,207,1690674
25.86,32.16,574.62,574.65,151822430,1025634800,207,1690674
25.93,32.02,572.4,572.45,151822430,1025634800,207,1690674
25.91,31.98,570.25,570.31,151822430,1025634800,207,1690674
25.97,31.99,568.27,568.35,151822430,1025634800,207,1690674
25.95,31.92,566.2,566.21,151822430,1025634800,207,1690674
25.95,31.86,563.78,563.81,151822430,1025634800,207,1690674
25.86,31.78,561.33,561.35,151822430,1025634800,207,1690674
25.83,31.77,559.05,559.09,151822430,1025634800,207,1690674
25.82,31.74,556.72,556.76,151822430,1025634800,207,1690674
25.8,31.64,554.18,554.15,151822430,1025634800,207,1690674
25.72,28.77,551.76,549.15,151822430,1025634800,207,1690674
25.78,31.54,549.68,549.71,151822430,1025634800,207,1690674
25.62,31.45,547.84,547.85,151822430,1025634800,207,1690674
24.49,28.19,540.49,538.24,151822430,1025634800,207,1690674
24.31,28.05,538.27,536.04,151822430,1025634800,207,1690674
24.3,28.02,536.2,534.02,151822430,1025634800,207,1690674
24.28,28,533.94,531.69,151822430,1025634800,207,1690674
24.14,27.96,531.43,529.22,151822430,1025634800,207,1690674
24.1,27.84,529.57,527.4,151822430,1025634800,207,1690674
24.77,30.82,528.16,528.2,151822430,1025634800,207,1690674
24.06,27.76,525.51,523.33,151822430,1025634800,207,1690674
24.63,30.83,524.04,524.01,151822430,1025634800,207,1690674
24.01,27.74,521.59,519.45,151822430,1025634800,207,1690674
23.93,27.69,519.52,517.4,151822430,1025634800,207,1690674
23.91,27.59,517.34,515.24,151822430,1025634800,207,1690674
23.85,27.51,515.22,513.14,151822430,1025634800,207,1690674
23.9,27.54,513.06,510.98,151822430,1025634800,207,1690674
23.98,27.42,511.05,508.85,151822430,1025634800,207,1690674
24.2,27.33,509.42,507,151822430,1025634800,207,1690674
23.61,28.94,507.13,506.62,151822430,1025634800,207,1690674
23.46,27.31,505.24,503.22,151822430,1025634800,207,1690674
23.42,27.26,503.22,501.06,151822430,1025634800,207,1690674
23.46,27.13,501.19,499.08,151822430,1025634800,207,1690674
23.76,27.1,499.22,496.88,151822430,1025634800,207,1690674
23.89,26.98,497.43,494.93,151822430,1025634800,207,1690674
23.33,26.97,495.53,493.3,151822430,1025634800,207,1690674
23.11,26.94,493.6,491.49,151822430,1025634800,207,1690674
23.15,26.86,491.72,489.59,151822430,1025634800,207,1690674
23.13,26.81,489.85,487.74,151822430,1025634800,207,1690674
23.16,26.81,487.92,485.89,151822430,1025634800,207,1690674
23.17,26.66,485.94,483.92,151822430,1025634800,207,1690674
23.2,26.61,484.1,482.05,151822430,1025634800,207,1690674
23.15,26.52,482.36,480.28,151822430,1025634800,207,1690674
22.98,26.48,480.51,478.47,151822430,1025634800,207,1690674
22.83,26.44,478.9,476.89,151822430,1025634800,207,1690674
22.74,26.35,477.42,475.38,151822430,1025634800,207,1690674
22.63,26.19,475.45,473.43,151822430,1025634800,207,1690674
22.7,26.08,473.42,471.18,151822430,1025634800,207,1690674
22.93,29.42,471.68,471.86,151822430,1025634800,207,1690674
23.1,29.34,469.97,469.96,151822430,1025634800,207,1690674
23.08,29.3,468.35,468.29,151822430,1025634800,207,1690674
22.93,29.29,466.36,466.46,151822430,1025634800,207,1690674
22.84,29.17,464.48,464.56,151822430,1025634800,207,1690674
22.81,29.07,462.58,462.59,151822430,1025634800,207,1690674
22.74,29.01,460.6,460.63,151822430,1025634800,207,1690674
22.78,28.98,458.7,458.82,151822430,1025634800,207,1690674
22.85,28.95,456.78,456.85,151822430,1025634800,207,1690674
22.24,25.44,454.25,452.27,151822430,1025634800,207,1690674
22.92,28.8,453,453.01,151822430,1025634800,207,1690674
22.91,28.77,451.45,451.46,151822430,1025634800,207,1690674
22.81,28.64,449.7,449.74,151822430,1025634800,207,1690674
22.69,28.55,447.67,447.64,151822430,1025634800,207,1690674
22.55,28.52,445.63,445.7,151822430,1025634800,207,1690674
22.46,28.43,443.74,443.75,151822430,1025634800,207,1690674
22.41,28.34,441.8,441.77,151822430,1025634800,207,1690674
22.34,28.19,439.89,439.85,151822430,1025634800,207,1690674
22.21,28.08,437.73,437.81,151822430,1025634800,207,1690674
22.13,27.92,435.74,435.75,151822430,1025634800,207,1690674
22.12,27.88,433.87,433.87,151822430,1025634800,207,1690674
22.14,27.85,431.98,432.05,151822430,1025634800,207,1690674
22.03,27.75,430.16,430.15,151822430,1025634800,207,1690674
21.84,27.63,428.53,428.56,151822430,1025634800,207,1690674
21.63,27.54,427.27,427.23,151822430,1025634800,207,1690674
21.57,27.47,425.48,425.46,151822430,1025634800,207,1690674
21.51,27.29,423.71,423.78,151822430,1025634800,207,1690674
21.42,27.22,422.12,422.13,151822430,1025634800,207,1690674
21.35,27.16,420.17,420.09,151822430,1025634800,207,1690674
21.28,27.13,418.15,418.18,151822430,1025634800,207,1690674
21.22,27.04,416.23,416.26,151822430,1025634800,207,1690674
21.12,27,414.51,414.55,151822430,1025634800,207,1690674
20.98,26.94,412.97,412.95,151822430,1025634800,207,1690674
20.18,23.53,410.87,408.97,151822430,1025634800,207,1690674
20.72,26.83,409.16,409.16,151822430,1025634800,207,1690674
20.63,26.75,407.32,407.28,151822430,1025634800,207,1690674
20.56,26.63,405.39,405.32,151822430,1025634800,207,1690674
20.36,26.55,403.4,403.42,151822430,1025634800,207,1690674
20.18,26.42,401.9,401.85,151822430,1025634800,207,1690674
20.12,26.39,400.13,400.11,151822430,1025634800,207,1690674
19.28,23.02,397.94,396.06,151822430,1025634800,207,1690674
19.84,26.31,397.1,397.08,151822430,1025634800,207,1690674
19.72,26.18,395.39,395.43,151822430,1025634800,207,1690674
19.64,26.05,393.46,393.44,151822430,1025634800,207,1690674
19.57,25.94,391.37,391.35,151822430,1025634800,207,1690674
19.45,25.75,389.35,389.34,151822430,1025634800,207,1690674
19.33,25.67,387.47,387.49,151822430,1025634800,207,1690674
19.1,25.73,385.76,385.72,151822430,1025634800,207,1690674
18.25,22.3,383.79,382.05,151822430,1025634800,207,1690674
18.85,25.6,382.47,382.4,151822430,1025634800,207,1690674
18.79,25.48,380.39,380.44,151822430,1025634800,207,1690674
18.71,25.35,378.45,378.41,151822430,1025634800,207,1690674
18.73,25.26,376.64,376.61,151822430,1025634800,207,1690674
18.69,25.21,374.66,374.69,151822430,1025634800,207,1690674
18.77,25.19,372.8,372.8,151822430,1025634800,207,1690674
18.82,25.18,370.91,370.9,151822430,1025634800,207,1690674
18.18,21.78,368.71,367.14,151822430,1025634800,207,1690674
18.84,25.02,367.33,367.38,151822430,1025634800,207,1690674
18.67,24.99,365.49,365.41,151822430,1025634800,207,1690674
18.58,24.91,363.66,363.59,151822430,1025634800,207,1690674
18.41,24.85,361.77,361.73,151822430,1025634800,207,1690674
18.23,24.79,359.85,359.9,151822430,1025634800,207,1690674
18.25,24.72,357.98,357.98,151822430,1025634800,207,1690674
18.1,24.63,356.3,356.26,151822430,1025634800,207,1690674
17.96,24.54,354.35,354.35,151822430,1025634800,207,1690674
17.8,24.48,352.51,352.54,151822430,1025634800,207,1690674
17.64,24.44,350.74,350.73,151822430,1025634800,207,1690674
17.55,24.35,349.05,349.02,151822430,1025634800,207,1690674
17.49,24.23,347.47,347.47,151822430,1025634800,207,1690674
17.53,24.17,346.21,346.2,151822430,1025634800,207,1690674
17.47,24.13,344.82,344.76,151822430,1025634800,207,1690674
17.24,24.11,343.37,343.29,151822430,1025634800,207,1690674
17.05,24,341.8,341.78,151822430,1025634800,207,1690674
16.98,23.86,340.08,340.02,151822430,1025634800,207,1690674
16.88,23.78,338.54,338.53,151822430,1025634800,207,1690674
16.74,23.68,337.06,337.03,151822430,1025634800,207,1690674
16.71,23.65,335.54,335.48,151822430,1025634800,207,1690674
16.62,23.52,333.74,333.66,151822430,1025634800,207,1690674
16.4,23.36,331.78,331.8,151822430,1025634800,207,1690674
16.24,23.23,330.01,329.97,151822430,1025634800,207,1690674
15.85,23.29,328.08,328.15,151822430,1025634800,207,1690674
15.97,22.91,326.4,326.36,151822430,1025634800,207,1690674
15.93,22.83,324.97,324.98,151822430,1025634800,207,1690674
15.9,22.82,323.72,323.59,151822430,1025634800,207,1690674
15.66,22.93,322.23,322.12,151822430,1025634800,207,1690674
15.35,22.7,320.76,320.7,151822430,1025634800,207,1690674
15.14,22.78,318.89,318.88,151822430,1025634800,207,1690674
15.05,22.6,317.42,317.4,151822430,1025634800,207,1690674
14.99,22.14,316.23,315.86,151822430,1025634800,207,1690674
14.99,22.4,315.18,315.07,151822430,1025634800,207,1690674
14.97,22.25,313.61,313.51,151822430,1025634800,207,1690674
14.95,22.11,311.73,311.68,151822430,1025634800,207,1690674
14.92,22.03,309.94,309.86,151822430,1025634800,207,1690674
14.9,21.92,308.28,308.22,151822430,1025634800,207,1690674
14.91,21.9,306.88,306.8,151822430,1025634800,207,1690674
14.75,21.81,305.49,305.45,151822430,1025634800,207,1690674
14.73,21.83,304,303.92,151822430,1025634800,207,1690674
14.61,21.61,302.21,302.14,151822430,1025634800,207,1690674
14.6,21.52,300.76,300.76,151822430,1025634800,207,1690674
14.55,21.51,299.15,299.03,151822430,1025634800,207,1690674
14.27,19.12,297.29,296.17,151822430,1025634800,207,1690674
14.08,21.38,295.59,295.57,151822430,1025634800,207,1690674
13.27,17.63,293.43,292.01,151822430,1025634800,207,1690674
13.11,17.48,290.52,289.1,151822430,1025634800,207,1690674
13.14,17.38,289.51,288.04,151822430,1025634800,207,1690674
12.95,17.28,288.26,286.79,151822430,1025634800,207,1690674
12.79,17.23,286.63,285.24,151822430,1025634800,207,1690674
12.75,17.13,285.19,283.67,151822430,1025634800,207,1690674
12.64,17.03,283.67,282.22,151822430,1025634800,207,1690674
12.4,16.98,282.08,280.62,151822430,1025634800,207,1690674
12.27,16.79,280.52,279.08,151822430,1025634800,207,1690674
12.28,16.67,279.06,277.63,151822430,1025634800,207,1690674
12.31,16.56,277.92,276.47,151822430,1025634800,207,1690674
12.27,16.4,276.72,275.29,151822430,1025634800,207,1690674
12.3,16.49,275.3,273.86,151822430,1025634800,207,1690674
12.25,16.24,273.61,272.17,151822430,1025634800,207,1690674
12.18,16.21,272.14,270.75,151822430,1025634800,207,1690674
12.22,16.07,271.07,269.65,151822430,1025634800,207,1690674
12.1,16,269.68,268.42,151822430,1025634800,207,1690674
12.02,15.98,268.08,266.7,151822430,1025634800,207,1690674
11.73,15.86,266.39,265.12,151822430,1025634800,207,1690674
11.62,15.76,265.06,263.72,151822430,1025634800,207,1690674
11.46,15.54,263.38,262.12,151822430,1025634800,207,1690674
11.38,15.46,262.07,260.79,151822430,1025634800,207,1690674
11.02,15.34,260.61,259.24,151822430,1025634800,207,1690674
10.98,15.32,258.87,257.61,151822430,1025634800,207,1690674
11.03,15.27,257.32,256.04,151822430,1025634800,207,1690674
11.07,15.21,255.64,254.4,151822430,1025634800,207,1690674
11.74,18.59,254.52,254.35,151822430,1025634800,207,1690674
11.62,18.49,252.79,252.74,151822430,1025634800,207,1690674
11.27,17.03,251.56,251.02,151822430,1025634800,207,1690674
10.7,14.74,250.15,248.8,151822430,1025634800,207,1690674
10.41,16.81,248.58,248.3,151822430,1025634800,207,1690674
10.36,14.43,247.52,246.19,151822430,1025634800,207,1690674
10.81,17.83,246.46,246.37,151822430,1025634800,207,1690674
10.32,14.2,245.26,243.88,151822430,1025634800,207,1690674
10.42,16.29,243.92,243.61,151822430,1025634800,207,1690674
9.97,14.03,242.76,241.49,151822430,1025634800,207,1690674
9.87,13.85,241.75,240.54,151822430,1025634800,207,1690674
10.48,17.16,240.75,240.61,151822430,1025634800,207,1690674
9.46,13.58,239.06,237.8,151822430,1025634800,207,1690674
9.12,13.46,237.63,236.39,151822430,1025634800,207,1690674
8.99,13.36,236.11,234.85,151822430,1025634800,207,1690674
8.87,13.3,234.66,233.52,151822430,1025634800,207,1690674
8.75,13.08,233.5,232.19,151822430,1025634800,207,1690674
9.32,16.52,232.34,232.19,151822430,1025634800,207,1690674
8.43,12.78,230.73,229.51,151822430,1025634800,207,1690674
8.35,12.65,229.43,228.18,151822430,1025634800,207,1690674
8.25,12.62,227.97,226.83,151822430,1025634800,207,1690674
8.09,12.5,226.73,225.44,151822430,1025634800,207,1690674
8.01,12.29,225.42,224.21,151822430,1025634800,207,1690674
7.92,12.08,224.13,222.9,151822430,1025634800,207,1690674
7.75,11.8,223.37,222.08,151822430,1025634800,207,1690674
7.7,11.72,221.95,220.7,151822430,1025634800,207,1690674
7.46,11.67,220.62,219.47,151822430,1025634800,207,1690674
7.34,11.48,219.36,218.03,151822430,1025634800,207,1690674
7.2,11.34,218.53,217.27,151822430,1025634800,207,1690674
6.94,11.24,217.44,216.24,151822430,1025634800,207,1690674
6.72,11.06,216.15,214.88,151822430,1025634800,207,1690674
6.69,10.89,215.04,213.76,151822430,1025634800,207,1690674
7.34,13.23,214.39,213.95,151822430,1025634800,207,1690674
6.54,10.56,212.73,211.47,151822430,1025634800,207,1690674
6.46,10.47,211.38,210.16,151822430,1025634800,207,1690674
6.41,10.33,209.91,208.68,151822430,1025634800,207,1690674
6.28,10.16,208.42,207.13,151822430,1025634800,207,1690674
6.58,9.93,207.13,205.89,151822430,1025634800,207,1690674
6.23,9.91,205.81,204.56,151822430,1025634800,207,1690674
6.05,9.8,204.44,203.19,151822430,1025634800,207,1690674
5.88,11.91,203.07,202.65,151822430,1025634800,207,1690674
5.78,9.66,201.64,200.33,151822430,1025634800,207,1690674
5.1,9.18,200.41,199.27,151822430,1025634800,207,1690674
5.01,11.6,199.42,199.04,151822430,1025634800,207,1690674
5.18,9.24,198.5,197.22,151822430,1025634800,207,1690674
5.21,9.08,197.67,196.38,151822430,1025634800,207,1690674
4.83,9.8,196.44,195.56,151822430,1025634800,207,1690674
4.79,11.14,195.61,195.14,151822430,1025634800,207,1690674
5.22,8.88,194.78,193.46,151822430,1025634800,207,1690674
5.45,12.37,193.92,193.8,151822430,1025634800,207,1690674
4.52,8.6,192.8,191.61,151822430,1025634800,207,1690674
4.44,8.6,191.57,190.4,151822430,1025634800,207,1690674
4.85,12.24,190.41,190.29,151822430,1025634800,207,1690674
3.9,8.36,188.96,187.75,151822430,1025634800,207,1690674
3.77,8.19,187.99,186.82,151822430,1025634800,207,1690674
4.49,11.29,187.28,187.07,151822430,1025634800,207,1690674
3.73,7.96,185.69,184.53,151822430,1025634800,207,1690674
3.75,7.93,184.41,183.21,151822430,1025634800,207,1690674
3.75,7.83,182.97,182.6,151822430,1025634800,207,1690674
3.91,7.57,181.89,180.63,151822430,1025634800,207,1690674
3.47,7.45,180.82,179.68,151822430,1025634800,207,1690674
3.26,7.32,179.94,178.85,151822430,1025634800,207,1690674
3.45,7.13,179.06,177.72,151822430,1025634800,207,1690674
2.77,8.33,177.79,177.06,151822430,1025634800,207,1690674
2.55,9.08,176.63,176.25,151822430,1025634800,207,1690674
2.74,7.64,175.84,174.85,151822430,1025634800,207,1690674
2.2,6.64,174.8,173.6,151822430,1025634800,207,1690674
2.2,6.52,174.08,172.93,151822430,1025634800,207,1690674
2.58,6.25,173.15,171.97,151822430,1025634800,207,1690674
2.14,6.3,171.99,170.79,151822430,1025634800,207,1690674
1.96,7.95,170.78,170.17,151822430,1025634800,207,1690674
2.31,7.9,170.02,169.36,151822430,1025634800,207,1690674
1.71,6.22,168.85,167.83,151822430,1025634800,207,1690674
1.48,5.68,167.89,166.72,151822430,1025634800,207,1690674
1.29,5.57,166.56,165.48,151822430,1025634800,207,1690674
1.15,5.33,165.65,164.52,151822430,1025634800,207,1690674
0.81,4.88,164.52,163.34,151822430,1025634800,207,1690674
0.64,4.93,163.36,162.27,151822430,1025634800,207,1690674
0.51,4.72,162.31,161.13,151822430,1025634800,207,1690674
0.37,4.57,161.35,160.19,151822430,1025634800,207,1690674
0.38,4.49,160.37,159.24,151822430,1025634800,207,1690674
0.36,4.33,159.53,158.41,151822430,1025634800,207,1690674
0.16,4.37,158.49,157.35,151822430,1025634800,207,1690674
-0.01,4.07,157.4,156.21,151822430,1025634800,207,1690674
-0.18,4.1,156.56,155.45,151822430,1025634800,207,1690674
-0.3,3.96,155.53,154.42,151822430,1025634800,207,1690674
-0.29,3.9,154.39,153.23,151822430,1025634800,207,1690674
-0.28,3.77,153.19,152.1,151822430,1025634800,207,1690674
-0.36,3.61,152.03,150.96,151822430,1025634800,207,1690674
-0.47,3.44,151.14,150.07,151822430,1025634800,207,1690674
-0.13,7.27,150.1,149.94,151822430,1025634800,207,1690674
-0.71,7.14,148.98,148.89,151822430,1025634800,207,1690674
-0.18,7.02,148.11,147.81,151822430,1025634800,207,1690674
-0.84,6.83,147.16,146.92,151822430,1025634800,207,1690674
-0.77,2.51,146.59,145.35,151822430,1025634800,207,1690674
-0.56,6.46,145.81,145.46,151822430,1025634800,207,1690674
-0.95,6.25,144.98,144.68,151822430,1025634800,207,1690674
-0.94,6.18,144.17,143.84,151822430,1025634800,207,1690674
-1.12,6.07,143.48,143.15,151822430,1025634800,207,1690674
-1.27,6.06,142.9,142.57,151822430,1025634800,207,1690674
-1.4,5.94,142.29,141.92,151822430,1025634800,207,1690674
-2.3,1.62,140.97,139.88,151822430,1025634800,207,1690674
-1.65,5.69,140.23,139.87,151822430,1025634800,207,1690674
-1.64,5.63,139.61,139.3,151822430,1025634800,207,1690674
-1.64,5.49,138.89,138.54,151822430,1025634800,207,1690674
-1.72,5.4,138.17,137.81,151822430,1025634800,207,1690674
-1.88,5.26,137.45,137.08,151822430,1025634800,207,1690674
-1.98,5.08,136.49,136.13,151822430,1025634800,207,1690674
-2.32,4.91,135.24,134.82,151822430,1025634800,207,1690674
-2.64,4.77,134.38,133.97,151822430,1025634800,207,1690674
-2.66,4.6,133.8,133.37,151822430,1025634800,207,1690674
-3.44,2.87,132.88,132.38,151822430,1025634800,207,1690674
-2.77,4.43,132.39,132,151822430,1025634800,207,1690674
-3.05,4.35,131.65,131.21,151822430,1025634800,207,1690674
-3.14,4.17,131.15,130.68,151822430,1025634800,207,1690674
-3.14,3.95,130.51,130.06,151822430,1025634800,207,1690674
-3.12,3.78,129.89,129.41,151822430,1025634800,207,1690674
-3.26,3.7,129.27,128.83,151822430,1025634800,207,1690674
-3.43,3.7,128.59,128.09,151822430,1025634800,207,1690674
-4.25,-0.49,127.79,126.6,151822430,1025634800,207,1690674
-3.53,3.34,127.23,126.72,151822430,1025634800,207,1690674
-3.59,3.11,126.47,126,151822430,1025634800,207,1690674
-3.57,2.98,125.71,125.23,151822430,1025634800,207,1690674
-4.25,-1.13,124.8,123.62,151822430,1025634800,207,1690674
-3.48,2.74,124.35,123.81,151822430,1025634800,207,1690674
-3.52,2.52,123.46,122.95,151822430,1025634800,207,1690674
-3.51,2.31,122.66,122.17,151822430,1025634800,207,1690674
-3.55,2.18,122.04,121.54,151822430,1025634800,207,1690674
-3.63,2.03,121.3,120.8,151822430,1025634800,207,1690674
-3.6,1.85,120.55,120.02,151822430,1025634800,207,1690674
-3.72,1.83,119.79,119.32,151822430,1025634800,207,1690674
-3.68,1.73,119.18,118.66,151822430,1025634800,207,1690674
-3.75,1.61,118.39,117.85,151822430,1025634800,207,1690674
-3.76,1.57,117.83,117.34,151822430,1025634800,207,1690674
-4.65,-2.56,116.98,115.88,151822430,1025634800,207,1690674
-4.03,1.31,116.44,115.97,151822430,1025634800,207,1690674
-4.98,-2.97,115.56,114.48,151822430,1025634800,207,1690674
-4.22,0.92,114.85,114.34,151822430,1025634800,207,1690674
-4.29,0.79,114.42,113.87,151822430,1025634800,207,1690674
-4.37,0.62,113.76,113.26,151822430,1025634800,207,1690674
-5.2,-2.42,112.66,111.86,151822430,1025634800,207,1690674
-4.59,0.2,112.12,111.6,151822430,1025634800,207,1690674
-4.64,0.05,111.55,110.99,151822430,1025634800,207,1690674
-4.61,-0.08,110.87,110.37,151822430,1025634800,207,1690674
-5.42,-4.35,110.1,109.05,151822430,1025634800,207,1690674
-4.83,-0.33,109.67,109.22,151822430,1025634800,207,1690674
-4.9,-0.41,108.68,108.19,151822430,1025634800,207,1690674
-5.22,-0.54,107.56,107.08,151822430,1025634800,207,1690674
-6.11,-4.69,106.89,105.8,151822430,1025634800,207,1690674
-5.34,-0.75,106.55,106.02,151822430,1025634800,207,1690674
-5.44,-0.88,105.76,105.22,151822430,1025634800,207,1690674
-5.44,-1.12,105.18,104.63,151822430,1025634800,207,1690674
-6.22,-5.29,104.31,103.2,151822430,1025634800,207,1690674
-5.49,-1.3,103.85,103.33,151822430,1025634800,207,1690674
-5.6,-1.45,103.24,102.71,151822430,1025634800,207,1690674
-5.78,-1.64,102.45,101.92,151822430,1025634800,207,1690674
-5.87,-1.84,101.86,101.34,151822430,1025634800,207,1690674
-6,-1.98,101.25,100.71,151822430,1025634800,207,1690674
-6.03,-2.07,100.61,100.08,151822430,1025634800,207,1690674
-6.03,-2.12,100.01,99.53,151822430,1025634800,207,1690674
-6.02,-2.18,99.37,98.88,151822430,1025634800,207,1690674
-7.34,-9.32,98.34,85.08,151822430,1025634800,207,1690674
-6.08,-9.56,97.78,84.2,151822430,1025634800,207,1690674
-6.08,-9.69,97.29,82.65,151822430,1025634800,207,1690674
-6.15,-9.75,96.64,82.15,151822430,1025634800,207,1690674
-6.2,-9.72,96.01,81.6,151822430,1025634800,207,1690674
-6.22,-9.77,95.45,81.12,151822430,1025634800,207,1690674
-6.27,-9.67,94.94,80.64,151822430,1025634800,207,1690674
-6.3,-9.78,94.5,80.04,151822430,1025634800,207,1690674
-6.31,-9.85,94.02,79.35,151822430,1025634800,207,1690674
-6.3,-9.91,93.51,78.75,151822430,1025634800,207,1690674
-6.28,-9.87,93,78.17,151822430,1025634800,207,1690674
-6.26,-5.72,92.51,78.28,151822430,1025634800,207,1690674
-6.27,-9.97,91.89,77.29,151822430,1025634800,207,1690674
-6.32,-10,91.42,76.84,151822430,1025634800,207,1690674
-6.32,-10,90.92,76.28,151822430,1025634800,207,1690674
-6.32,-10.12,90.34,75.65,151822430,1025634800,207,1690674
-6.35,-5.84,89.93,75.65,151822430,1025634800,207,1690674
-6.36,-10.23,89.52,74.47,151822430,1025634800,207,1690674
-6.97,-10.27,89.1,73.96,151822430,1025634800,207,1690674
-6.4,-10.27,88.81,73.2,151822430,1025634800,207,1690674
-7.7,-10.42,88.24,72.72,151822430,1025634800,207,1690674
-6.47,-10.49,88.19,72.18,151822430,1025634800,207,1690674
-7.77,-7.73,87.63,71.91,151822430,1025634800,207,1690674
-6.69,-10.58,87.54,71.19,151822430,1025634800,207,1690674
-7.72,-8.58,87.09,71.08,151822430,1025634800,207,1690674
-7.74,-10.6,86.76,70.39,151822430,1025634800,207,1690674
-7.75,-9.29,86.41,69.97,151822430,1025634800,207,1690674
-7.52,-10.72,86.07,69.26,151822430,1025634800,207,1690674
-6.56,-10.39,85.91,68.69,151822430,1025634800,207,1690674
-7.89,-10.32,85.5,68.2,151822430,1025634800,207,1690674
-7.62,-10.84,85.21,67.8,151822430,1025634800,207,1690674
-7.9,-9.14,84.89,67.66,151822430,1025634800,207,1690674
-6.61,-10.78,84.68,67.02,151822430,1025634800,207,1690674
-7.86,-10.78,84.1,66.66,151822430,1025634800,207,1690674
-7.53,-10.87,83.62,66.33,151822430,1025634800,207,1690674
-7.58,-10.86,83.08,65.88,151822430,1025634800,207,1690674
-7.63,-10.9,82.58,65.55,151822430,1025634800,207,1690674
-7.59,-10.98,82.16,65.16,151822430,1025634800,207,1690674
-7.56,-11,81.71,64.86,151822430,1025634800,207,1690674
-7.56,-10.98,81.03,64.61,151822430,1025634800,207,1690674
-7.64,-6.64,80.29,64.78,151822430,1025634800,207,1690674
-7.77,-11.05,79.69,63.9,151822430,1025634800,207,1690674
-7.92,-11.05,79.08,63.51,151822430,1025634800,207,1690674
-6.97,-9.04,78.83,57.43,151822430,1025634800,207,1690674
-7.83,-11.08,78.27,56.9,151822430,1025634800,207,1690674
-7.82,-11.1,77.86,56.57,151822430,1025634800,207,1690674
-7.85,-10.79,77.27,56.31,151822430,1025634800,207,1690674
-7.92,-11.23,76.6,55.97,151822430,1025634800,207,1690674
-7.05,-10.95,76.17,55.69,151822430,1025634800,207,1690674
-7.94,-10.92,75.51,55.39,151822430,1025634800,207,1690674
-7.97,-10.85,74.99,55.09,151822430,1025634800,207,1690674
-8.02,-10.79,74.21,54.82,151822430,1025634800,207,1690674
-8.06,-10.74,73.71,54.52,151822430,1025634800,207,1690674
-8.12,-10.79,73.12,54.26,151822430,1025634800,207,1690674
-7.97,-10.53,72.46,53.99,151822430,1025634800,207,1690674
-8.11,-10.42,72.16,53.23,151822430,1025634800,207,1690674
-7.7,-8.96,71.85,52.77,151822430,1025634800,207,1690674
-8.09,-5.68,71.38,52.58,151822430,1025634800,207,1690674
-7.56,-6,70.82,52.74,151822430,1025634800,207,1690674
-8.11,-5.52,70.14,52.24,151822430,1025634800,207,1690674
-7.61,-5.96,69.64,52.12,151822430,1025634800,207,1690674
-8.18,-5.41,69.03,51.9,151822430,1025634800,207,1690674
-7.62,-5.75,68.79,51.73,151822430,1025634800,207,1690674
-8.23,-5.3,68.37,51.46,151822430,1025634800,207,1690674
-7.77,-5.25,68.01,51.35,151822430,1025634800,207,1690674
-8.24,-5.18,67.57,51.1,151822430,1025634800,207,1690674
-8.25,-5.17,67.24,50.92,151822430,1025634800,207,1690674
-8.25,-5.11,66.72,50.72,151822430,1025634800,207,1690674
-8.25,-5.07,66.45,50.54,151822430,1025634800,207,1690674
-8.25,-4.96,66.05,50.3,151822430,1025634800,207,1690674
-8.25,-4.93,65.76,50.09,151822430,1025634800,207,1690674
-8.24,-4.92,65.46,49.87,151822430,1025634800,207,1690674
-7.31,-4.85,65.32,49.66,151822430,1025634800,207,1690674
-8.21,-4.79,64.85,49.46,151822430,1025634800,207,1690674
-8.21,-4.65,64.4,49.24,151822430,1025634800,207,1690674
-8.55,-4.56,64.02,48.8,151822430,1025634800,207,1690674
-8.52,-4.53,63.67,48.55,151822430,1025634800,207,1690674
-8.57,-4.46,63.45,48.4,151822430,1025634800,207,1690674
-8.51,-4.43,63.17,48.13,151822430,1025634800,207,1690674
-8.5,-4.34,62.91,47.89,151822430,1025634800,207,1690674
-8.5,-4.27,62.6,47.68,151822430,1025634800,207,1690674
-8.56,-4.19,62.29,47.45,151822430,1025634800,207,1690674
-8.51,-4.16,62.04,47.2,151822430,1025634800,207,1690674
-7.24,-4.09,61.92,46.95,151822430,1025634800,207,1690674
-8.52,-4.06,61.5,46.73,151822430,1025634800,207,1690674
-8.53,-3.98,61.32,46.48,151822430,1025634800,207,1690674
-8.52,-3.97,60.99,46.23,151822430,1025634800,207,1690674
-8.5,-3.88,60.74,45.99,151822430,1025634800,207,1690674
-8.48,-3.83,60.48,45.77,151822430,1025634800,207,1690674
-8.47,-3.75,60.18,45.52,151822430,1025634800,207,1690674
-8.46,-3.72,59.92,45.36,151822430,1025634800,207,1690674
-7.74,-3.64,59.72,45.14,151822430,1025634800,207,1690674
-8.47,-3.6,59.32,44.95,151822430,1025634800,207,1690674
-8.21,-3.54,59.05,44.71,151822430,1025634800,207,1690674
-8.46,-3.52,58.7,44.52,151822430,1025634800,207,1690674
-8.41,-3.44,58.34,44.33,151822430,1025634800,207,1690674
-8.04,-3.4,58.01,44.12,151822430,1025634800,207,1690674
-8.02,-3.34,57.72,43.89,151822430,1025634800,207,1690674
-8.01,-3.31,57.36,43.68,151822430,1025634800,207,1690674
-7.99,-3.27,57.08,43.46,151822430,1025634800,207,1690674
-7.96,-3.23,56.79,43.26,151822430,1025634800,207,1690674
-7.9,-3.17,56.51,43.04,151822430,1025634800,207,1690674
-7.86,-3.14,56.23,42.87,151822430,1025634800,207,1690674
-7.84,-3.12,55.99,42.63,151822430,1025634800,207,1690674
-7.81,-3.07,55.7,42.47,151822430,1025634800,207,1690674
-7.78,-3.03,55.39,42.25,151822430,1025634800,207,1690674
-7.76,-3,55.11,42.04,151822430,1025634800,207,1690674
-7.73,-7.51,54.84,41.86,151822430,1025634800,207,1690674
-8.06,-2.94,54.52,41.36,151822430,1025634800,207,1690674
-8.05,-2.89,54.26,41.42,151822430,1025634800,207,1690674
-7.59,-2.86,54.07,41.22,151822430,1025634800,207,1690674
-7.98,-2.81,53.8,40.95,151822430,1025634800,207,1690674
-7.54,-2.75,53.61,40.76,151822430,1025634800,207,1690674
-6.61,-2.73,53.47,40.48,151822430,1025634800,207,1690674
-7.27,-2.67,53.19,40.25,151822430,1025634800,207,1690674
-6.49,-2.66,53.09,40.04,151822430,1025634800,207,1690674
-7.01,-2.61,52.79,39.8,151822430,1025634800,207,1690674
-6.45,-2.59,52.66,39.61,151822430,1025634800,207,1690674
-6.85,-5.26,52.47,39.39,151822430,1025634800,207,1690674
-6.39,-2.52,52.33,39.06,151822430,1025634800,207,1690674
-6.54,-2.48,52.05,38.97,151822430,1025634800,207,1690674
-6.29,-2.43,51.87,38.78,151822430,1025634800,207,1690674
-6.24,-2.41,51.63,38.52,151822430,1025634800,207,1690674
-6.19,-2.37,51.49,38.3,151822430,1025634800,207,1690674
-6.15,-2.37,51.24,38.09,151822430,1025634800,207,1690674
-6.11,-2.37,51.03,37.88,151822430,1025634800,207,1690674
-6.07,-2.37,50.79,37.7,151822430,1025634800,207,1690674
-6.03,-2.34,50.64,37.46,151822430,1025634800,207,1690674
-5.98,-2.31,50.42,37.27,151822430,1025634800,207,1690674
-5.94,-2.28,50.2,37.08,151822430,1025634800,207,1690674
-5.88,-2.25,50.02,36.88,151822430,1025634800,207,1690674
-5.84,-2.22,49.79,36.66,151822430,1025634800,207,1690674
-5.76,-2.21,49.35,36.49,151822430,1025634800,207,1690674
-5.7,-2.18,49.1,36.35,151822430,1025634800,207,1690674
-5.66,-2.15,48.86,36.16,151822430,1025634800,207,1690674
-5.63,-2.13,48.61,35.95,151822430,1025634800,207,1690674
-5.58,-2.1,48.44,35.78,151822430,1025634800,207,1690674
-5.54,-2.09,48.2,35.61,151822430,1025634800,207,1690674
-5.5,-2.06,47.95,35.45,151822430,1025634800,207,1690674
-5.47,-2.04,47.71,35.27,151822430,1025634800,207,1690674
-5.43,-2.03,47.52,35.09,151822430,1025634800,207,1690674
-5.4,-2,47.24,34.95,151822430,1025634800,207,1690674
-5.35,-2,47.04,34.75,151822430,1025634800,207,1690674
-5.31,-1.98,46.76,34.52,151822430,1025634800,207,1690674
-5.28,-1.96,46.52,34.38,151822430,1025634800,207,1690674
-5.26,-1.95,46.31,34.23,151822430,1025634800,207,1690674
-5.22,-1.88,46.08,34.03,151822430,1025634800,207,1690674
-5.19,-1.87,45.92,33.73,151822430,1025634800,207,1690674
-5.17,-1.85,45.69,33.63,151822430,1025634800,207,1690674
-5.12,-1.84,45.46,33.42,151822430,1025634800,207,1690674
-5.1,-1.8,45.25,33.31,151822430,1025634800,207,1690674
-5.06,-1.77,45.03,33.15,151822430,1025634800,207,1690674
-5.02,-1.74,44.8,33,151822430,1025634800,207,1690674
-4.98,-1.7,44.61,32.85,151822430,1025634800,207,1690674
-4.94,-1.68,44.41,32.68,151822430,1025634800,207,1690674
-4.9,-1.67,44.22,32.54,151822430,1025634800,207,1690674
-4.87,-1.66,43.94,32.37,151822430,1025634800,207,1690674
-4.83,-1.64,43.8,32.21,151822430,1025634800,207,1690674
-4.8,-1.62,43.59,32.08,151822430,1025634800,207,1690674
-4.75,-1.57,43.42,31.92,151822430,1025634800,207,1690674
-4.7,-1.53,43.18,31.64,151822430,1025634800,207,1690674
-4.66,-1.5,42.98,31.48,151822430,1025634800,207,1690674
-4.62,-1.47,42.79,31.32,151822430,1025634800,207,1690674
-4.56,-1.47,42.58,31.16,151822430,1025634800,207,1690674
-4.52,-1.3,42.37,30.99,151822430,1025634800,207,1690674
-5.37,-1.4,42.04,30.85,151822430,1025634800,207,1690674
-4.44,-1.36,41.94,30.71,151822430,1025634800,207,1690674
-4.4,-1.19,41.7,30.55,151822430,1025634800,207,1690674
-4.35,-1.32,41.46,30.44,151822430,1025634800,207,1690674
-4.29,-1.28,41.27,30.3,151822430,1025634800,207,1690674
-4.25,-1.23,41.02,30.14,151822430,1025634800,207,1690674
-4.2,-1.2,40.82,29.98,151822430,1025634800,207,1690674
-4.16,-1.17,40.58,29.86,151822430,1025634800,207,1690674
-4.11,-3,40.36,29.74,151822430,1025634800,207,1690674
-4.05,-1.1,40.11,29.62,151822430,1025634800,207,1690674
-4.01,-1.06,39.91,29.51,151822430,1025634800,207,1690674
-4.52,-4.76,39.66,29.31,151822430,1025634800,207,1690674
-3.91,-0.98,39.48,29.03,151822430,1025634800,207,1690674
-3.87,-0.95,39.25,29.16,151822430,1025634800,207,1690674
-3.82,-5.4,39,28.93,151822430,1025634800,207,1690674
-3.78,-2.53,38.82,28.59,151822430,1025634800,207,1690674
-3.74,-0.89,38.57,28.64,151822430,1025634800,207,1690674
-3.69,-0.86,38.39,28.53,151822430,1025634800,207,1690674
-3.64,-0.64,38.16,28.39,151822430,1025634800,207,1690674
-3.6,-0.72,37.95,28.17,151822430,1025634800,207,1690674
-3.56,-0.69,37.78,28.03,151822430,1025634800,207,1690674
-3.51,-0.66,37.57,27.87,151822430,1025634800,207,1690674
-3.47,-0.62,37.42,27.71,151822430,1025634800,207,1690674
-3.43,-0.58,37.17,27.57,151822430,1025634800,207,1690674
-3.4,-0.55,37.01,27.45,151822430,1025634800,207,1690674
-3.35,-0.52,36.86,27.4,151822430,1025634800,207,1690674
-3.31,-0.47,36.67,27.11,151822430,1025634800,207,1690674
-3.27,-1.03,36.48,26.96,151822430,1025634800,207,1690674
-3.22,-0.34,36.28,26.89,151822430,1025634800,207,1690674
-3.19,-0.39,36.12,26.69,151822430,1025634800,207,1690674
-3.14,-3.26,35.96,26.49,151822430,1025634800,207,1690674
-3.1,-0.25,35.73,26.27,151822430,1025634800,207,1690674
-3.05,-0.31,35.6,26.35,151822430,1025634800,207,1690674
-3.01,-4.71,35.38,26.04,151822430,1025634800,207,1690674
-2.97,-2.16,35.22,25.71,151822430,1025634800,207,1690674
-2.94,-0.23,35.06,25.71,151822430,1025634800,207,1690674
-2.9,-0.2,34.85,25.66,151822430,1025634800,207,1690674
-2.86,-4.6,34.73,25.41,151822430,1025634800,207,1690674
-2.81,-0.92,34.55,25.09,151822430,1025634800,207,1690674
-2.72,-4.5,34.21,25.19,151822430,1025634800,207,1690674
-2.67,-4.54,34.07,24.74,151822430,1025634800,207,1690674
-2.62,-3.53,33.92,24.61,151822430,1025634800,207,1690674
-2.58,-4.4,33.77,24.45,151822430,1025634800,207,1690674
-2.54,0.02,33.62,24.18,151822430,1025634800,207,1690674
-2.49,-4.37,33.47,24.2,151822430,1025634800,207,1690674
-2.44,-4.29,33.35,23.88,151822430,1025634800,207,1690674
-2.39,-4.16,33.19,23.74,151822430,1025634800,207,1690674
-2.34,-4.38,33.02,23.62,151822430,1025634800,207,1690674
-2.29,-4.43,32.91,23.45,151822430,1025634800,207,1690674
-2.24,0.23,32.69,23.36,151822430,1025634800,207,1690674
-2.2,-4.03,32.55,23.44,151822430,1025634800,207,1690674
-2.15,-4.19,32.4,23.13,151822430,1025634800,207,1690674
-2.03,0.3,32.09,22.99,151822430,1025634800,207,1690674
-1.98,-4.07,31.91,23.05,151822430,1025634800,207,1690674
-1.95,0.35,31.79,22.78,151822430,1025634800,207,1690674
-1.88,-4.13,31.63,22.84,151822430,1025634800,207,1690674
-1.83,-4.11,31.48,22.56,151822430,1025634800,207,1690674
-1.78,-3.97,31.35,22.45,151822430,1025634800,207,1690674
-1.73,-3.99,31.19,22.32,151822430,1025634800,207,1690674
-1.68,-3.98,31.06,22.27,151822430,1025634800,207,1690674
-1.61,0.49,30.93,22.13,151822430,1025634800,207,1690674
-1.56,-3.86,30.8,22.23,151822430,1025634800,207,1690674
-1.52,-3.89,30.67,21.94,151822430,1025634800,207,1690674
-1.46,-3.82,30.51,21.85,151822430,1025634800,207,1690674
-1.41,-3.78,30.39,21.75,151822430,1025634800,207,1690674
-1.45,0.58,30.27,21.49,151822430,1025634800,207,1690674
-1.3,-3.78,30.05,21.52,151822430,1025634800,207,1690674
-1.24,-3.74,29.95,21.28,151822430,1025634800,207,1690674
-1.2,-3.75,29.81,21.14,151822430,1025634800,207,1690674
-1.13,-3.61,29.67,21.08,151822430,1025634800,207,1690674
-1.48,-3.37,29.48,21.01,151822430,1025634800,207,1690674
-1.01,-3.54,29.36,20.8,151822430,1025634800,207,1690674
-1.88,-3.43,29.1,20.67,151822430,1025634800,207,1690674
-0.92,-3.38,29.07,20.57,151822430,1025634800,207,1690674
-0.86,0.99,28.95,20.42,151822430,1025634800,207,1690674
-0.82,-3.29,28.84,20.49,151822430,1025634800,207,1690674
-0.76,-3.2,28.66,20.19,151822430,1025634800,207,1690674
-0.71,-3.18,28.48,20.1,151822430,1025634800,207,1690674
-0.66,-3.14,28.33,19.94,151822430,1025634800,207,1690674
-0.61,-3.02,28.19,19.84,151822430,1025634800,207,1690674
-0.57,-2.98,28.07,19.73,151822430,1025634800,207,1690674
-0.52,-2.91,27.9,19.64,151822430,1025634800,207,1690674
-0.47,-2.87,27.76,19.51,151822430,1025634800,207,1690674
-0.42,-2.78,27.62,19.35,151822430,1025634800,207,1690674
-0.37,-2.73,27.42,19.26,151822430,1025634800,207,1690674
-0.32,-2.71,27.3,19.16,151822430,1025634800,207,1690674
-0.26,-2.67,27.12,19.06,151822430,1025634800,207,1690674
-0.23,-2.61,26.98,18.95,151822430,1025634800,207,1690674
-0.16,-2.55,26.8,18.81,151822430,1025634800,207,1690674
-0.88,-2.51,26.61,18.7,151822430,1025634800,207,1690674
-0.04,-2.47,26.55,18.61,151822430,1025634800,207,1690674
-0.88,-2.39,26.26,18.5,151822430,1025634800,207,1690674
-0.54,-2.36,26.13,18.35,151822430,1025634800,207,1690674
0.12,-2.32,25.96,18.27,151822430,1025634800,207,1690674
0.18,-2.29,25.84,18.15,151822430,1025634800,207,1690674
-0.27,-1.85,25.64,18.06,151822430,1025634800,207,1690674
-0.59,-2.2,25.48,17.91,151822430,1025634800,207,1690674
-0.53,-2.17,25.31,17.79,151822430,1025634800,207,1690674
-0.49,-2.12,25.12,17.77,151822430,1025634800,207,1690674
-0.4,0.58,25.05,17.66,151822430,1025634800.000000-0.34,-4.43,24.89
-0.28,2.16,24.74,17.73,151822430,1025634800,207,1690674
0.7,-2.01,24.64,17.6,151822430,1025634800,207,1690674
-0.15,-1.98,24.49,17.35,151822430,1025634800,207,1690674
-0.07,2.25,24.33,17.27,151822430,1025634800,207,1690674
0.01,-0.99,24.23,17.36,151822430,1025634800,207,1690674
0.09,2.32,24.08,17.19,151822430,1025634800,207,1690674
0.18,-0.38,23.96,17.15,151822430,1025634800,207,1690674
1.11,-1.78,23.91,16.98,151822430,1025634800,207,1690674
0.3,-1.72,23.7,16.81,151822430,1025634800,207,1690674
0.41,-1.67,23.58,16.79,151822430,1025634800,207,1690674
1.36,-0.53,23.54,16.72,151822430,1025634800,207,1690674
0.57,1,23.34,16.71,151822430,1025634800,207,1690674
1.52,-0.07,23.25,16.67,151822430,1025634800,207,1690674
0.74,-1.54,23.15,16.51,151822430,1025634800,207,1690674
0.82,-1.49,23.03,16.34,151822430,1025634800,207,1690674
0.92,-1.45,22.89,16.26,151822430,1025634800,207,1690674
0.98,-1.4,22.74,16.18,151822430,1025634800,207,1690674
1.06,0,22.69,16.06,151822430,1025634800,207,1690674
1.98,-1.28,22.66,16.1,151822430,1025634800,207,1690674
1.18,2.91,22.47,15.87,151822430,1025634800,207,1690674
1.28,-1.17,22.41,15.9,151822430,1025634800,207,1690674
1.36,-1.13,22.31,15.69,151822430,1025634800,207,1690674
1.51,-1.08,22.08,15.63,151822430,1025634800,207,1690674
2.39,-1.03,21.98,15.55,151822430,1025634800,207,1690674
1.62,-0.98,21.83,15.47,151822430,1025634800,207,1690674
1.67,3.17,21.75,15.37,151822430,1025634800,207,1690674
1.73,-0.89,21.64,15.41,151822430,1025634800,207,1690674
1.77,-0.84,21.57,15.23,151822430,1025634800,207,1690674
1.88,-0.74,21.34,15.18,151822430,1025634800,207,1690674
1.96,-0.76,21.2,15.1,151822430,1025634800,207,1690674
2,-0.73,21.15,15.04,151822430,1025634800,207,1690674
2.04,-0.69,20.99,14.98,151822430,1025634800,207,1690674
2.93,-0.66,20.94,14.9,151822430,1025634800,207,1690674
2.14,3.46,20.73,14.85,151822430,1025634800,207,1690674
2.17,3.46,20.62,14.93,151822430,1025634800,207,1690674
2.21,3.58,20.52,14.85,151822430,1025634800,207,1690674
2.25,3.62,20.38,14.8,151822430,1025634800,207,1690674
2.29,3.68,20.22,14.75,151822430,1025634800,207,1690674
2.32,3.71,20.16,14.57,151822430,1025634800,207,1690674
2.36,3.73,19.97,14.54,151822430,1025634800,207,1690674
2.39,3.75,19.9,14.47,151822430,1025634800,207,1690674
2.43,3.79,19.75,14.41,151822430,1025634800,207,1690674
2.47,3.82,19.63,14.35,151822430,1025634800,207,1690674
2.5,3.86,19.52,14.29,151822430,1025634800,207,1690674
2.54,3.9,19.42,14.2,151822430,1025634800,207,1690674
2.58,3.94,19.29,14.17,151822430,1025634800,207,1690674
2.62,3.95,19.19,14.08,151822430,1025634800,207,1690674
2.66,3.99,19.11,14.02,151822430,1025634800,207,1690674
2.7,4.03,18.98,13.94,151822430,1025634800,207,1690674
2.74,4.07,18.88,13.89,151822430,1025634800,207,1690674
2.79,4.12,18.78,13.77,151822430,1025634800,207,1690674
2.83,4.17,18.69,13.7,151822430,1025634800,207,1690674
2.96,4.2,18.6,13.64,151822430,1025634800,207,1690674
2.92,4.23,18.49,13.53,151822430,1025634800,207,1690674
2.95,4.28,18.4,13.45,151822430,1025634800,207,1690674
3.42,4.33,18.35,13.38,151822430,1025634800,207,1690674
3.04,4.38,18.21,13.3,151822430,1025634800,207,1690674
3.08,4.43,18.11,13.2,151822430,1025634800,207,1690674
3.94,4.47,18.1,13.11,151822430,1025634800,207,1690674
3.16,4.52,17.92,13.05,151822430,1025634800,207,1690674
3.2,4.59,17.85,12.96,151822430,1025634800,207,1690674
4.04,4.63,17.79,12.88,151822430,1025634800,207,1690674
3.54,4.68,17.65,12.8,151822430,1025634800,207,1690674
4.12,4.74,17.61,12.71,151822430,1025634800,207,1690674
3.36,4.79,17.46,12.64,151822430,1025634800,207,1690674
3.88,4.84,17.41,12.55,151822430,1025634800,207,1690674
3.4,4.9,17.31,12.48,151822430,1025634800,207,1690674
3.43,4.95,17.22,12.39,151822430,1025634800,207,1690674
3.98,3.37,17.18,12.33,151822430,1025634800,207,1690674
3.55,3.41,17.08,12.29,151822430,1025634800,207,1690674
3.54,5.11,16.97,12.24,151822430,1025634800,207,1690674
3.89,5.14,16.89,12.11,151822430,1025634800,207,1690674
3.62,5.19,16.77,12.03,151822430,1025634800,207,1690674
3.65,5.25,16.68,11.96,151822430,1025634800,207,1690674
3.7,1.28,16.61,11.95,151822430,1025634800,207,1690674
3.74,5.35,16.5,11.75,151822430,1025634800,207,1690674
4.61,1.4,16.45,11.8,151822430,1025634800,207,1690674
3.83,1.47,16.34,11.64,151822430,1025634800,207,1690674
4.7,5.52,16.29,11.56,151822430,1025634800,207,1690674
3.93,5.58,16.17,11.62,151822430,1025634800,207,1690674
3.96,5.62,16.1,11.52,151822430,1025634800,207,1690674
4.01,5.7,16.01,11.47,151822430,1025634800,207,1690674
4.08,1.7,15.95,11.39,151822430,1025634800,207,1690674
4.13,5.81,15.89,11.26,151822430,1025634800,207,1690674
4.99,5.88,15.86,11.28,151822430,1025634800,207,1690674
4.24,5.94,15.73,11.24,151822430,1025634800,207,1690674
4.3,5.98,15.64,11.21,151822430,1025634800,207,1690674
4.35,1.96,15.59,11.14,151822430,1025634800,207,1690674
4.43,6.11,15.57,10.99,151822430,1025634800,207,1690674
4.48,6.17,15.43,11.03,151822430,1025634800,207,1690674
4.54,6.22,15.41,10.98,151822430,1025634800,207,1690674
4.59,6.29,15.38,10.92,151822430,1025634800,207,1690674
5.47,6.35,15.35,10.89,151822430,1025634800,207,1690674
5.53,6.41,15.26,10.82,151822430,1025634800,207,1690674
5.6,6.47,15.21,10.77,151822430,1025634800,207,1690674
5.67,6.52,15.16,10.7,151822430,1025634800,207,1690674
5.79,6.57,15.03,10.67,151822430,1025634800,207,1690674
5.86,6.63,15.01,10.6,151822430,1025634800,207,1690674
5.93,2.57,14.96,10.54,151822430,1025634800,207,1690674
6,6.73,14.87,10.4,151822430,1025634800,207,1690674
6.06,6.78,14.79,10.45,151822430,1025634800,207,1690674
6.13,6.84,14.68,10.39,151822430,1025634800,207,1690674
6.18,6.88,14.66,10.33,151822430,1025634800,207,1690674
6.25,6.93,14.59,10.28,151822430,1025634800,207,1690674
6.32,6.98,14.49,10.24,151822430,1025634800,207,1690674
6.4,7.03,14.45,10.17,151822430,1025634800,207,1690674
6.46,7.07,14.39,10.12,151822430,1025634800,207,1690674
6.51,7.11,14.28,10.07,151822430,1025634800,207,1690674
6.58,7.14,14.23,10.01,151822430,1025634800,207,1690674
6.63,3.1,14.11,9.97,151822430,1025634800,207,1690674
6.7,7.23,14.04,9.78,151822430,1025634800,207,1690674
6.75,7.26,13.94,9.87,151822430,1025634800,207,1690674
6.81,7.3,13.84,9.8,151822430,1025634800,207,1690674
6.86,7.35,13.75,9.82,151822430,1025634800,207,1690674
6.93,7.39,13.69,9.71,151822430,1025634800,207,1690674
6.98,7.43,13.59,9.68,151822430,1025634800,207,1690674
7.04,7.46,13.46,9.64,151822430,1025634800,207,1690674
7.09,7.51,13.45,9.59,151822430,1025634800,207,1690674
7.13,5.16,13.35,9.52,151822430,1025634800,207,1690674
7.19,7.61,13.24,9.33,151822430,1025634800,207,1690674
7.24,7.67,13.15,9.4,151822430,1025634800,207,1690674
7.3,7.72,13.07,9.33,151822430,1025634800,207,1690674
7.35,7.78,13.03,9.28,151822430,1025634800,207,1690674
7.4,7.84,12.92,9.22,151822430,1025634800,207,1690674
7.43,3.84,12.88,9.19,151822430,1025634800,207,1690674
7.48,7.96,12.79,9.02,151822430,1025634800,207,1690674
7.53,8.02,12.72,9.07,151822430,1025634800,207,1690674
6.82,8.07,12.63,9.01,151822430,1025634800,207,1690674
6.87,8.12,12.58,8.96,151822430,1025634800,207,1690674
7.7,8.16,12.57,8.92,151822430,1025634800,207,1690674
7.74,8.2,12.47,8.89,151822430,1025634800,207,1690674
7.79,8.24,12.44,8.84,151822430,1025634800,207,1690674
7.83,8.28,12.36,8.79,151822430,1025634800,207,1690674
7.12,8.31,12.26,8.73,151822430,1025634800,207,1690674
7.92,8.34,12.22,8.71,151822430,1025634800,207,1690674
7.21,8.36,12.14,8.64,151822430,1025634800,207,1690674
7.25,8.39,12.06,8.6,151822430,1025634800,207,1690674
8.08,8.41,12.06,8.55,151822430,1025634800,207,1690674
8.11,8.43,12,8.53,151822430,1025634800,207,1690674
8.16,8.45,11.94,8.49,151822430,1025634800,207,1690674
8.2,8.47,11.84,8.46,151822430,1025634800,207,1690674
7.48,8.48,11.79,8.39,151822430,1025634800,207,1690674
8.28,8.5,11.75,8.37,151822430,1025634800,207,1690674
8.32,8.53,11.7,8.31,151822430,1025634800,207,1690674
8.37,8.53,11.64,8.27,151822430,1025634800,207,1690674
8.42,8.55,11.63,8.22,151822430,1025634800,207,1690674
7.7,8.56,11.5,8.2,151822430,1025634800,207,1690674
8.51,8.58,11.46,8.16,151822430,1025634800,207,1690674
8.54,8.59,11.42,8.08,151822430,1025634800,207,1690674
8.59,8.6,11.34,8.04,151822430,1025634800,207,1690674
8.65,8.62,11.29,8.05,151822430,1025634800,207,1690674
8.69,8.63,11.23,7.97,151822430,1025634800,207,1690674
8.75,8.64,11.14,7.97,151822430,1025634800,207,1690674
8.79,8.65,11.12,7.93,151822430,1025634800,207,1690674
8.84,8.66,11.07,7.88,151822430,1025634800,207,1690674
8.9,8.81,11.02,7.83,151822430,1025634800,207,1690674
8.94,8.69,10.96,7.79,151822430,1025634800,207,1690674
8.24,8.7,10.86,7.77,151822430,1025634800,207,1690674
9.07,8.71,10.86,7.74,151822430,1025634800,207,1690674
9.12,8.72,10.79,7.69,151822430,1025634800,207,1690674
9.17,8.72,10.77,7.65,151822430,1025634800,207,1690674
9.22,8.74,10.65,7.61,151822430,1025634800,207,1690674
9.29,8.74,10.64,7.58,151822430,1025634800,207,1690674
9.36,8.76,10.58,7.56,151822430,1025634800,207,1690674
9.41,8.78,10.52,7.51,151822430,1025634800,207,1690674
9.48,8.79,10.49,7.49,151822430,1025634800,207,1690674
9.54,8.81,10.42,7.45,151822430,1025634800,207,1690674
9.6,8.83,10.37,7.45,151822430,1025634800,207,1690674
8.9,8.85,10.29,7.39,151822430,1025634800,207,1690674
9.72,8.87,10.26,7.37,151822430,1025634800,207,1690674
9.78,8.89,10.21,7.33,151822430,1025634800,207,1690674
9.83,8.93,10.13,7.29,151822430,1025634800,207,1690674
9.89,8.96,10.13,7.27,151822430,1025634800,207,1690674
9.95,8.98,10.05,7.2,151822430,1025634800,207,1690674
10.01,9.02,10.02,7.18,151822430,1025634800,207,1690674
10.06,9.06,9.93,7.14,151822430,1025634800,207,1690674
10.11,9.08,9.91,7.11,151822430,1025634800,207,1690674
9.42,9.13,9.79,7.07,151822430,1025634800,207,1690674
10.22,9.16,9.81,7.06,151822430,1025634800,207,1690674
10.26,9.2,9.75,6.99,151822430,1025634800,207,1690674
10.32,9.25,9.69,6.97,151822430,1025634800,207,1690674
10.38,9.31,9.67,6.92,151822430,1025634800,207,1690674
10.44,9.36,9.63,6.91,151822430,1025634800,207,1690674
9.75,9.42,9.49,6.87,151822430,1025634800,207,1690674
10.55,9.47,9.5,6.87,151822430,1025634800,207,1690674
10.62,9.52,9.44,6.82,151822430,1025634800,207,1690674
10.69,9.58,9.43,6.81,151822430,1025634800,207,1690674
10.76,9.63,9.35,6.78,151822430,1025634800,207,1690674
10.83,9.83,9.3,6.75,151822430,1025634800,207,1690674
10.91,9.8,9.27,6.72,151822430,1025634800,207,1690674
10.98,9.86,9.22,6.67,151822430,1025634800,207,1690674
11.06,9.91,9.18,6.66,151822430,1025634800,207,1690674
11.15,9.97,9.15,6.62,151822430,1025634800,207,1690674
11.23,10.02,9.09,6.59,151822430,1025634800,207,1690674
11.31,10.07,9.02,6.56,151822430,1025634800,207,1690674
11.39,10.13,8.99,6.53,151822430,1025634800,207,1690674
11.48,10.18,8.95,6.51,151822430,1025634800,207,1690674
11.57,10.23,8.93,6.51,151822430,1025634800,207,1690674
11.65,10.41,8.88,6.47,151822430,1025634800,207,1690674
11.73,10.32,8.84,6.45,151822430,1025634800,207,1690674
11.81,10.37,8.77,6.43,151822430,1025634800,207,1690674
11.9,10.43,8.76,6.4,151822430,1025634800,207,1690674
11.99,10.47,8.72,6.39,151822430,1025634800,207,1690674
12.07,10.51,8.69,6.35,151822430,1025634800,207,1690674
12.16,10.56,8.65,6.33,151822430,1025634800,207,1690674
12.23,10.6,8.59,6.28,151822430,1025634800,207,1690674
12.31,10.66,8.55,6.27,151822430,1025634800,207,1690674
12.39,10.7,8.47,6.25,151822430,1025634800,207,1690674
12.47,10.74,8.51,6.23,151822430,1025634800,207,1690674
12.56,10.8,8.44,6.19,151822430,1025634800,207,1690674
12.63,10.84,8.38,6.19,151822430,1025634800,207,1690674
12.71,10.94,8.36,6.14,151822430,1025634800,207,1690674
12.79,10.99,8.32,6.11,151822430,1025634800,207,1690674
12.86,11.05,8.35,6.07,151822430,1025634800,207,1690674
12.94,11.11,8.25,6.06,151822430,1025634800,207,1690674
13.01,11.16,8.19,6.02,151822430,1025634800,207,1690674
13.08,11.23,8.2,5.98,151822430,1025634800,207,1690674
13.15,11.3,8.16,5.97,151822430,1025634800,207,1690674
13.22,11.37,8.11,5.94,151822430,1025634800,207,1690674
13.29,11.44,8.09,5.92,151822430,1025634800,207,1690674
13.34,11.52,8.02,5.9,151822430,1025634800,207,1690674
13.4,11.61,8.01,5.88,151822430,1025634800,207,1690674
13.46,11.7,7.97,5.86,151822430,1025634800,207,1690674
13.51,11.81,7.94,5.84,151822430,1025634800,207,1690674
13.57,11.92,7.9,5.81,151822430,1025634800,207,1690674
13.62,12.04,7.88,5.79,151822430,1025634800,207,1690674
13.67,12.16,7.85,5.77,151822430,1025634800,207,1690674
13.71,12.29,7.79,5.75,151822430,1025634800,207,1690674
13.75,12.42,7.8,5.75,151822430,1025634800,207,1690674
13.79,12.55,7.75,5.79,151822430,1025634800,207,1690674
13.82,12.7,7.69,5.83,151822430,1025634800,207,1690674
13.86,12.83,7.65,6.11,151822430,1025634800,207,1690674
13.9,12.97,7.63,6.63,151822430,1025634800,207,1690674
13.92,13.12,7.56,7.17,151822430,1025634800,207,1690674
13.94,13.4,7.55,7.71,151822430,1025634800,207,1690674
13.98,12.76,7.55,8.99,151822430,1025634800,207,1690674
14.01,13.78,7.51,10.95,151822430,1025634800,207,1690674
14.03,13.85,7.49,11.78,151822430,1025634800,207,1690674
14.05,8.15,7.45,12.36,151822430,1025634800,207,1690674
14.07,7.17,7.38,25.01,151822430,1025634800,207,1690674
14.09,7.01,7.35,31.99,151822430,1025634800,207,1690674
14.12,7.4,7.36,33.25,151822430,1025634800,207,1690674
14.14,6.66,7.28,34.57,151822430,1025634800,207,1690674
14.16,6.51,7.28,37.23,151822430,1025634800,207,1690674
14.17,6.28,7.23,40.04,151822430,1025634800,207,1690674
14.19,5.94,7.19,41.52,151822430,1025634800,207,1690674
14.21,5.66,7.16,43.03,151822430,1025634800,207,1690674
14.24,5.3,7.09,44.5,151822430,1025634800,207,1690674
14.26,4.96,7.09,46.13,151822430,1025634800,207,1690674
14.29,9.21,7.05,49.28,151822430,1025634800,207,1690674
14.3,4.37,7.04,51.36,151822430,1025634800,207,1690674
14.33,4.18,7.01,52.74,151822430,1025634800,207,1690674
14.35,4.22,6.99,54.48,151822430,1025634800,207,1690674
14.37,4.02,6.95,56.3,151822430,1025634800,207,1690674
14.4,3.87,6.95,58.16,151822430,1025634800,207,1690674
14.43,3.66,6.92,60,151822430,1025634800,207,1690674
14.45,3.3,6.92,61.94,151822430,1025634800,207,1690674
14.49,3.03,6.86,63.85,151822430,1025634800,207,1690674
14.52,2.78,6.84,65.81,151822430,1025634800,207,1690674
14.55,2.34,6.83,67.89,151822430,1025634800,207,1690674
14.58,6.22,6.8,71.97,151822430,1025634800,207,1690674
14.61,1.82,6.79,74.59,151822430,1025634800,207,1690674
14.63,1.55,6.75,76.18,151822430,1025634800,207,1690674
14.66,1.22,6.74,78.31,151822430,1025634800,207,1690674
14.68,0.86,6.73,80.5,151822430,1025634800,207,1690674
14.71,0.68,6.71,82.6,151822430,1025634800,207,1690674
14.74,4.48,6.69,84.92,151822430,1025634800,207,1690674
14.76,0.08,6.63,87.81,151822430,1025634800,207,1690674
14.79,-0.26,6.62,89.38,151822430,1025634800,207,1690674
14.81,3.46,6.63,91.6,151822430,1025634800,207,1690674
14.85,-0.97,6.56,94.59,151822430,1025634800,207,1690674
14.87,-1.33,6.54,96.26,151822430,1025634800,207,1690674
14.88,-1.61,6.51,98.59,151822430,1025634800,207,1690674
14.89,-2.27,6.48,101.04,151822430,1025634800,207,1690674
14.9,-2.91,6.44,106.07,151822430,1025634800,207,1690674
14.91,0.5,6.42,111.17,151822430,1025634800,207,1690674
14.91,-0.17,6.42,117.27,151822430,1025634800,207,1690674
14.92,-2.47,6.42,122.84,151822430,1025634800,207,1690674
14.91,-4.91,6.37,125.17,151822430,1025634800,207,1690674
14.91,-5.23,6.32,127.37,151822430,1025634800,207,1690674
14.9,-3.27,6.32,130.19,151822430,1025634800,207,1690674
14.88,-6,6.27,133.62,151822430,1025634800,207,1690674
14.86,-5.3,6.24,135.94,151822430,1025634800,207,1690674
14.84,-6.6,6.25,138.98,151822430,1025634800,207,1690674
14.82,-6.93,6.23,141.65,151822430,1025634800,207,1690674
14.79,-7.2,6.21,144.45,151822430,1025634800,207,1690674
14.76,-7.5,6.18,147.43,151822430,1025634800,207,1690674
14.72,-7.75,6.15,150.32,151822430,1025634800,207,1690674
14.69,-7.98,6.29,153.38,151822430,1025634800,207,1690674
14.66,-8.16,6.5,156.31,151822430,1025634800,207,1690674
14.63,-8.57,6.9,159.28,151822430,1025634800,207,1690674
14.6,-4.5,7.33,165.29,151822430,1025634800,207,1690674
14.56,-8.71,8.16,169.58,151822430,1025634800,207,1690674
14.45,-8.78,9.21,171.46,151822430,1025634800,207,1690674
14.28,-8.7,11.13,174.74,151822430,1025634800,207,1690674
13.4,-8.69,11.95,178.02,151822430,1025634800,207,1690674
13.33,-8.71,12.52,181.29,151822430,1025634800,207,1690674
11.55,-8.73,25.58,184.48,151822430,1025634800,11.22,7.9
10.41,-8.73,32.65,187.77,151822430,1025634800,207,1690674
10.19,-8.69,33.63,191.12,151822430,1025634800,207,1690674
9.94,-7.75,34.96,194.52,151822430,1025634800,29.72,6.7
9.53,-8.86,37.77,198.22,151822430,1025634800,207,1690674
9,-8.88,40.58,201.01,151822430,1025634800,207,1690674
8.76,-8.86,42.01,204.36,151822430,1025634800,207,1690674
8.5,-8.91,43.49,207.71,151822430,1025634800,207,1690674
8.32,-9.17,45.08,211.05,151822430,1025634800,207,1690674
8.16,-9.21,46.78,214.48,151822430,1025634800,207,1690674
7.72,-7.96,49.78,217.71,151822430,1025634800,207,1690674
8.46,-6.82,51.6,225.05,151822430,1025634800,207,1690674
7.28,-9.44,53.37,228.83,151822430,1025634800,207,1690674
7.02,-6.78,55.13,231.2,151822430,1025634800,207,1690674
6.69,-9.13,56.75,235.77,151822430,1025634800,207,1690674
6.39,-6.55,58.58,238.31,151822430,1025634800,207,1690674
6.09,-9.13,60.61,242.9,151822430,1025634800,207,1690674
5.74,-9.16,62.52,245.25,151822430,1025634800,207,1690674
5.33,-9.28,64.45,248.81,151822430,1025634800,207,1690674
4.97,-9,66.4,252.26,151822430,1025634800,207,1690674
4.63,-8.86,68.49,255.95,151822430,1025634800,207,1690674
3.93,-8.78,72.49,259.57,151822430,1025634800,207,1690674
4.58,-8.54,74.7,263.34,151822430,1025634800,207,1690674
3.15,-8.44,76.78,266.97,151822430,1025634800,207,1690674
2.77,-8.25,78.98,270.65,151822430,1025634800,207,1690674
2.33,-8.11,81.13,274.34,151822430,1025634800,207,1690674
1.93,-8.01,83.43,278.09,151822430,1025634800,207,1690674
1.57,-7.83,85.61,281.77,151822430,1025634800,207,1690674
2.22,-7.16,88.02,285.59,151822430,1025634800,207,1690674
0.93,-7.5,90.16,289.54,151822430,1025634800,207,1690674
0.65,-3.02,92.41,293.25,151822430,1025634800,207,1690674
1.39,-2.95,94.86,299.3,151822430,1025634800,207,1690674
0.09,-7.21,97.07,303.25,151822430,1025634800,207,1690674
-0.17,-7.05,99.49,304.87,151822430,1025634800,207,1690674
-0.45,-6.9,101.93,308.8,151822430,1025634800.0000-0.77,-1.99,104.36
-1.07,-6.88,106.93,312.6,151822430,1025634800,207,1690674
-1.64,-6.85,112.07,316.49,151822430,1025634800.0000-1.89,-3.22,114.78
-1.2,-6.65,117.64,320.5,151822430,1025634800.00000-2.45,-4,120.09
-1.75,-6.49,123.11,324.51,151822430,1025634800,207,1690674
-2.91,-6.34,125.65,328.48,151822430,1025634800,207,1690674
-3.32,-2.42,128.41,332.6,151822430,1025634800,207,1690674
-3,-5.81,131.33,338.72,151822430,1025634800,207,1690674
-3.88,-5.53,134.15,340.9,151822430,1025634800,207,1690674
-3.99,-0.5,136.99,347.65,151822430,1025634800,207,1690674
-4.45,-2.81,139.84,351.67,151822430,1025634800,207,1690674
-4.69,-0.2,142.65,354.22,151822430,1025634800,207,1690674
-5.03,-0.02,145.61,359.96,151822430,1025634800,207,1690674
-5.33,0.52,148.5,364.04,151822430,1025634800,207,1690674
-5.58,0.68,151.45,376.56,151822430,1025634800,207,1690674
-5.87,0.93,154.45,380.64,151822430,1025634800,207,1690674
-6.21,1.19,157.35,384.9,151822430,1025634800,207,1690674
-6.48,1.39,160.49,389.09,151822430,1025634800,207,1690674
-7.11,1.65,166.55,393.32,151822430,1025634800,207,1690674
-6.45,1.77,169.86,397.52,151822430,1025634800,207,1690674
-7.7,1.97,172.71,401.84,151822430,1025634800,207,1690674
-7.89,2.18,176.02,406.11,151822430,1025634800,207,1690674
-8.08,2.38,179.28,410.36,151822430,1025634800,207,1690674
-8.2,2.56,182.63,414.74,151822430,1025634800,207,1690674
-8.36,2.7,185.78,419.06,151822430,1025634800,207,1690674
-8.49,3.06,189.12,423.38,151822430,1025634800,207,1690674
-8.61,3.43,192.52,427.76,151822430,1025634800,207,1690674
-8.72,3.55,195.91,436.59,151822430,1025634800,207,1690674
-8.41,3.75,199.37,441.14,151822430,1025634800,207,1690674
-8.91,4,202.44,445.54,151822430,1025634800,207,1690674
-9.05,4.18,205.9,449.97,151822430,1025634800,207,1690674
-9.12,4.66,209.18,454.67,151822430,1025634800,207,1690674
-9.2,4.8,212.61,463.94,151822430,1025634800,207,1690674
-9.32,4.93,216.03,468.61,151822430,1025634800,207,1690674
-9.44,5.17,219.36,473.32,151822430,1025634800.0000-8.98,-6.58,222.94
-9.63,5.3,226.09,478.02,151822430,1025634800,207,1690674
-9.19,5.55,229.76,482.76,151822430,1025634800,207,1690674
-9.85,5.75,232.87,487.54,151822430,1025634800,207,1690674
-9.3,6.66,236.73,492.29,151822430,1025634800,207,1690674
-9.83,6.87,240.01,511.33,151822430,1025634800,207,1690674
-9.34,7.07,243.81,516.22,151822430,1025634800,207,1690674
-9.9,7.34,247.13,521.06,151822430,1025634800,207,1690674
-9.93,7.54,250.73,525.93,151822430,1025634800,207,1690674
-9.97,8.29,254.28,530.84,151822430,1025634800,207,1690674
-9.99,4.42,257.87,550.69,151822430,1025634800,207,1690674
-9.99,9.02,261.54,556.47,151822430,1025634800,207,1690674
-9.98,9.25,265.22,570.54,151822430,1025634800,207,1690674
-9.96,9.39,268.95,580.58,151822430,1025634800,207,1690674
-9.94,9.72,272.68,585.63,151822430,1025634800,207,1690674
-9.9,10.05,276.36,595.89,151822430,1025634800,207,1690674
-9.86,10.21,280.14,606.36,151822430,1025634800,207,1690674
-9.82,10.34,283.91,611.46,151822430,1025634800,207,1690674
-9.34,10.42,287.97,616.93,151822430,1025634800,207,1690674
-9.72,6.7,291.49,622.24,151822430,1025634800,207,1690674
-9.21,11.17,295.69,644.07,151822430,1025634800,207,1690674
-8.57,6.96,299.86,654.2,151822430,1025634800,207,1690674
-8.49,11.49,303.69,654.7,151822430,1025634800,207,1690674
-9.28,8.2,307.19,664.91,151822430,1025634800,207,1690674
-9.17,7.65,311.1,671.24,151822430,1025634800,207,1690674
-9.08,12.29,315.02,675.87,151822430,1025634800,207,1690674
-8.98,12.73,318.98,697.1,151822430,1025634800,207,1690674
-8.86,9.16,322.96,713.27,151822430,1025634800,207,1690674
-8.75,13.82,327,735.52,151822430,1025634800,207,1690674
-8.59,10.09,331.07,763.25,151822430,1025634800,207,1690674
-8.54,,335.08,769.39,151822430,1025634800,207,1690674
-8.36,,339.43,,151822430,1025634800,207,1690674
-8.21,,343.47,,151822430,1025634800,207,1690674
-8.04,,347.46,,151822430,1025634800,207,1690674
-6.91,,352.21,,151822430,1025634800,207,1690674
-7.53,,355.67,,151822430,1025634800,207,1690674
-6.58,,360.35,,151822430,1025634800,207,1690674
-6.97,,364.36,,151822430,1025634800,207,1690674
-5.95,,376.99,,151822430,1025634800,207,1690674
-5.79,,381.13,,151822430,1025634800,207,1690674
-5.66,,385.23,,151822430,1025634800,207,1690674
-5.54,,389.57,,151822430,1025634800,207,1690674
-5.38,,393.73,,151822430,1025634800,207,1690674
-5.21,,397.94,,151822430,1025634800,207,1690674
-5.06,,402.2,,151822430,1025634800,207,1690674
-4.9,,406.55,,151822430,1025634800,207,1690674
-4.71,,410.81,,151822430,1025634800,207,1690674
-4.55,,415.11,,151822430,1025634800,207,1690674
-4.4,,419.51,,151822430,1025634800,207,1690674
-4.24,,423.8,,151822430,1025634800,207,1690674
-4.08,,428.24,,151822430,1025634800,207,1690674
-3.7,,437.11,,151822430,1025634800,207,1690674
-3.57,,441.62,,151822430,1025634800,207,1690674
-3.39,,445.94,,151822430,1025634800,207,1690674
-3.21,,450.42,,151822430,1025634800,207,1690674
-3.07,,455,,151822430,1025634800,207,1690674
-2.74,,464.28,,151822430,1025634800,207,1690674
-2.56,,469.12,,151822430,1025634800,207,1690674
-2.38,,473.77,,151822430,1025634800,207,1690674
-2.17,,478.33,,151822430,1025634800,207,1690674
-1.98,,483.15,,151822430,1025634800,207,1690674
-1.75,,487.87,,151822430,1025634800,207,1690674
-1.54,,492.67,,151822430,1025634800.00000-0.95,6.47,506.8
-0.77,,511.69,,151822430,1025634800,207,1690674
-0.6,,516.59,,151822430,1025634800,207,1690674
-0.42,,521.42,,151822430,1025634800,207,1690674
-0.25,,526.21,,151822430,1025634800,207,1690674
-0.1,,531.16,,151822430,1025634800,207,1690674
0.62,,550.96,,151822430,1025634800,207,1690674
0.14,,560.01,,151822430,1025634800,207,1690674
1.34,,570.86,,151822430,1025634800,207,1690674
1.68,,580.88,,151822430,1025634800,207,1690674
1.86,,585.94,,151822430,1025634800,207,1690674
2.19,,596.05,,151822430,1025634800,207,1690674
2.45,,606.73,,151822430,1025634800,207,1690674
2.59,,611.92,,151822430,1025634800,207,1690674
2.74,,617.19,,151822430,1025634800,207,1690674
2.89,,622.57,,151822430,1025634800,207,1690674
2.85,,648.26,,151822430,1025634800,207,1690674
3.78,,654.57,,151822430,1025634800,207,1690674
3.22,,659,,151822430,1025634800,207,1690674
4.14,,665.22,,151822430,1025634800,207,1690674
3.72,,674.82,,151822430,1025634800,207,1690674
3.88,,680.24,,151822430,1025634800,207,1690674
5.17,,697.3,,151822430,1025634800,207,1690674
5.77,,713.52,,151822430,1025634800,207,1690674
5.91,,740.09,,151822430,1025634800.0000006.10,9.3,745.59
7.37,,763.58,,151822430,1025634800,207,1690674
6.97,,774.12,,151822430,1025634800,207,1690674
